vehicle_class,vehicle_class_name,k,bic,aic,calibration_avg_loglik,validation_avg_loglik,calibration_silhouette,validation_silhouette,min_calibration_cluster_share,min_validation_cluster_share,validation_mean_assignment_confidence
1,MOTORCYCLE,1,8270.8088203411,8204.34260896549,-4.798323127327166,-4.87238880933279,,,1.0,1.0,1.0
1,MOTORCYCLE,2,7929.985496098246,7792.305486820195,-4.538911670669129,-4.709195002293007,0.18089998608250077,0.20580445664214864,0.41784037558685444,0.41043890865954924,0.8363913331199252
1,MOTORCYCLE,3,7792.893357473486,7583.999550292996,-4.399060768951289,-4.6465515789385545,0.2576713847307408,0.2214678286922852,0.19014084507042253,0.1981020166073547,0.8597074497008627
1,MOTORCYCLE,4,7833.689279327586,7553.581674244656,-4.36360426892292,-4.637922823142668,0.24740486567238512,0.21015135037197688,0.09741784037558686,0.09015421115065243,0.821829939994835
1,MOTORCYCLE,5,7870.453946047241,7519.132543061871,-4.325782008839126,-4.626658095086333,0.15462251263992066,0.15682662808033998,0.07042253521126761,0.07354685646500593,0.7655547829959031
2,CAR,1,3803.520874796353,3747.605414814061,-4.637911988546211,-4.998888672569903,,,1.0,1.0,1.0
2,CAR,2,3646.5769307681358,3530.7520493762454,-4.330114774783349,-4.8547988304366445,0.24162015211754884,0.1790967109371278,0.3192019950124688,0.38345864661654133,0.8889210298531889
2,CAR,3,3663.760420738868,3488.0261179373792,-4.239434062266059,-4.814171918747087,0.2301962168281458,0.21296387136707318,0.24438902743142144,0.2681704260651629,0.8468546346497662
2,CAR,4,3705.4208602364333,3469.777136025346,-4.179273236939334,-4.807914027539304,0.21107802250091884,0.17115864580051712,0.16708229426433915,0.20050125313283207,0.7897779115063784
2,CAR,5,3772.5715171865013,3477.018371565815,-4.150895725144408,-4.854635177082372,0.2162504058112606,0.1946927840403006,0.08229426433915212,0.10275689223057644,0.7988336383050877
6,AUTO_RICKSHAW,1,2001.7613222528173,1956.1563870444284,-5.021240591261532,-5.037999610179042,,,1.0,1.0,1.0
6,AUTO_RICKSHAW,2,1972.2670111050916,1877.799645316286,-4.739061576344494,-4.935778446057103,0.232369053604403,0.2688126676547446,0.3072916666666667,0.2471264367816092,0.8914958627411496
6,AUTO_RICKSHAW,3,2006.3947078367053,1863.064911467483,-4.6225648736132365,-4.9694103666435465,0.21888164066863672,0.20465450319999265,0.14583333333333334,0.09195402298850575,0.8666930080655355
6,AUTO_RICKSHAW,4,2019.7529663754258,1827.5607394257868,-4.451981092254653,-5.2550605602692215,0.20083550733972455,0.12487566772010598,0.036458333333333336,0.011494252873563218,0.8643406092439335
6,AUTO_RICKSHAW,5,2077.7740759609947,1836.7194184309387,-4.39770681883057,-5.243432449762651,0.20850085027728968,0.07302543647385057,0.041666666666666664,0.017241379310344827,0.876244326522403
