role,vehicle_class,vehicles,mean_speed_mps__available,mean_speed_mps__missing_fraction,mean_speed_mps__p10,mean_speed_mps__median,mean_speed_mps__p90,speed_std_mps__available,speed_std_mps__missing_fraction,speed_std_mps__p10,speed_std_mps__median,speed_std_mps__p90,mean_positive_accel_mps2__available,mean_positive_accel_mps2__missing_fraction,mean_positive_accel_mps2__p10,mean_positive_accel_mps2__median,mean_positive_accel_mps2__p90,mean_braking_mps2__available,mean_braking_mps2__missing_fraction,mean_braking_mps2__p10,mean_braking_mps2__median,mean_braking_mps2__p90,lateral_span_m__available,lateral_span_m__missing_fraction,lateral_span_m__p10,lateral_span_m__median,lateral_span_m__p90,mean_abs_lat_speed_mps__available,mean_abs_lat_speed_mps__missing_fraction,mean_abs_lat_speed_mps__p10,mean_abs_lat_speed_mps__median,mean_abs_lat_speed_mps__p90,median_front_gap_m__available,median_front_gap_m__missing_fraction,median_front_gap_m__p10,median_front_gap_m__median,median_front_gap_m__p90,p10_front_gap_m__available,p10_front_gap_m__missing_fraction,p10_front_gap_m__p10,p10_front_gap_m__median,p10_front_gap_m__p90,median_time_headway_s__available,median_time_headway_s__missing_fraction,median_time_headway_s__p10,median_time_headway_s__median,median_time_headway_s__p90,p10_time_headway_s__available,p10_time_headway_s__missing_fraction,p10_time_headway_s__p10,p10_time_headway_s__median,p10_time_headway_s__p90,median_min_side_clearance_m__available,median_min_side_clearance_m__missing_fraction,median_min_side_clearance_m__p10,median_min_side_clearance_m__median,median_min_side_clearance_m__p90,p10_min_side_clearance_m__available,p10_min_side_clearance_m__missing_fraction,p10_min_side_clearance_m__p10,p10_min_side_clearance_m__median,p10_min_side_clearance_m__p90,median_local_neighbor_count_20m__available,median_local_neighbor_count_20m__missing_fraction,median_local_neighbor_count_20m__p10,median_local_neighbor_count_20m__median,median_local_neighbor_count_20m__p90
CALIBRATION,1,852,852,0.0,4.926123604993371,6.1863183292494455,7.659868645550292,852,0.0,0.7190734191954045,1.0090990671938382,1.4960254756648699,852,0.0,0.5967240523237118,0.8416543454338566,1.1864435754943785,852,0.0,0.5979840097731695,0.8159754221242642,1.1250610568731225,852,0.0,0.892987686045726,1.6966985220426833,3.5384531413009794,852,0.0,0.07639401793434168,0.10904614670896351,0.18238303486862037,837,0.017605633802816878,6.099147442611391,15.107648151364671,32.507175934452526,837,0.017605633802816878,1.3710898627946257,6.423327376414341,20.39703089803235,837,0.017605633802816878,1.0195831005672982,2.40240504747464,5.138021227470891,837,0.017605633802816878,0.23188964320258715,1.0671667544671897,2.990952321628858,847,0.005868544600938996,0.868382759166881,1.7820588213350703,3.9856187646601304,847,0.005868544600938996,0.0830198709194443,0.7535020951893746,1.87476234945483,852,0.0,3.0,6.0,9.0
CALIBRATION,2,401,401,0.0,5.116938424731418,6.184378402223728,7.481648507567105,401,0.0,0.5951943452961086,0.8882231283884485,1.2605072617848418,401,0.0,0.4895853662276126,0.7064917582238237,0.9982686322858914,401,0.0,0.4868508361901815,0.6833490322322,0.9212585123289057,401,0.0,0.6566450582447665,1.4565118405313875,3.260721396203781,401,0.0,0.06472879288560122,0.09251571948540467,0.1441628097169983,397,0.009975062344139696,6.409063755463737,13.277956477651594,28.318950933569354,397,0.009975062344139696,2.035951548492672,6.865037039130624,16.89845319605009,397,0.009975062344139696,1.097874400545997,2.1608253908593267,4.348391596685342,397,0.009975062344139696,0.3624634521424808,1.1147642629184185,2.5446252891247703,400,0.0024937655860348684,1.1435863257030616,1.8950281602355874,3.6838539814954214,400,0.0024937655860348684,0.41477096849383577,1.0387106296742532,2.1749919995771996,401,0.0,3.0,6.0,9.0
CALIBRATION,3,45,45,0.0,5.184575440494824,5.788881322152833,6.714979981064125,45,0.0,0.658229172607324,0.829225253205318,1.0356480286350807,45,0.0,0.5280837833646514,0.727917019148697,0.9365298592069415,45,0.0,0.5351879282226963,0.6852599823616721,0.9339951276519939,45,0.0,0.6875172916382439,1.3406101224462272,2.977365079331096,45,0.0,0.06754047861204074,0.08711643294543876,0.12286233992276015,44,0.022222222222222254,9.91411675316746,18.657245682568877,32.94944174038166,44,0.022222222222222254,5.109512012691825,9.020334087761452,25.768038200241907,44,0.022222222222222254,1.697911127458767,3.1912316841693116,5.8444935460869205,44,0.022222222222222254,0.8799951709632262,1.537225133356848,3.6641924553338963,45,0.0,1.0759437060695831,1.603764592525613,2.6460983666703415,45,0.0,0.3125635471913729,0.9130945154864141,1.5500649111471694,45,0.0,1.0,4.0,7.0
CALIBRATION,4,7,7,0.0,4.322169498932466,5.693845865071994,6.490512908582446,7,0.0,0.7380957603671625,0.8233165087634489,0.934279833125698,7,0.0,0.6165916527452763,0.8043388254228665,1.021640447780708,7,0.0,0.7065099483930772,0.7701128453873413,0.875336647515239,7,0.0,0.7650237968339759,0.9912310821022983,1.5341764100014657,7,0.0,0.07045926313928555,0.07726094296482372,0.1149102766317868,7,0.0,14.854538475588235,26.713367903036346,36.51531419819222,7,0.0,6.900669112706622,9.185835934707315,20.673258723959513,7,0.0,2.8520089443511027,4.370467956851657,6.070242009073633,7,0.0,1.3785235515232135,1.7381679389974427,3.503468219337887,7,0.0,1.2150882665337661,2.1638526452983307,2.387742920250976,7,0.0,0.7241958743416836,0.9207434640357506,1.953789787145881,7,0.0,1.6,5.0,7.4
CALIBRATION,5,17,17,0.0,5.210249907290129,6.0450331605950485,6.7798926803693425,17,0.0,0.7120038442199718,0.9336833545509347,1.2139412673946552,17,0.0,0.5665584929531206,0.8521515395149594,1.1052512863622346,17,0.0,0.5765620218974914,0.7519991219419748,0.9918316006623961,17,0.0,0.7197833499250521,1.01576791457709,3.5338667593225908,17,0.0,0.06696261006890238,0.09095272162006246,0.12280409430536746,17,0.0,9.253597221698485,17.94187515533208,30.692840537193984,17,0.0,3.995497126515001,11.00519744805608,24.35673717369463,17,0.0,1.7288734127624328,3.0628887520946186,5.208983156375226,17,0.0,0.7259124419886305,1.9870505487793328,3.886422786741584,16,0.05882352941176472,1.2649137314186158,1.6008553338324836,3.501714472648759,16,0.05882352941176472,0.6312151657151239,0.906134020798783,1.9893346531058687,17,0.0,1.6,4.0,9.600000000000001
CALIBRATION,6,192,192,0.0,4.219194036292109,5.202596602665552,6.3443824426476025,192,0.0,0.6407008265880921,0.8737444140809544,1.2118240650284982,192,0.0,0.5357707134313291,0.7605076453625181,1.042299970133384,192,0.0,0.5302303657288803,0.7244462743540157,1.0009760393841314,192,0.0,0.6756407218489412,1.2507927254616578,2.646173904008603,192,0.0,0.06022417571081695,0.07855439101662123,0.11818549649552006,187,0.02604166666666663,6.806131400580229,15.449374075944323,32.59879955238894,187,0.02604166666666663,1.7452737299593497,6.545392417922756,17.286785223657574,187,0.02604166666666663,1.3023234974496478,2.8602565906295636,6.383267158341659,187,0.02604166666666663,0.30218429417289483,1.1539804369144542,3.1661592443859394,192,0.0,0.9139216743209873,1.7732144309881628,3.50258233030022,192,0.0,0.24448577910150424,0.7530316895778275,1.5551949723984386,192,0.0,3.0,5.0,9.0
VALIDATION,1,843,843,0.0,4.847656199884429,6.0665138841791615,7.390660363687457,843,0.0,0.5017383022282771,0.7555031494162499,1.2026090767173323,843,0.0,0.418927049210682,0.625666175747572,0.9926085879553052,843,0.0,0.40065745541516345,0.5880965174538825,0.935772523097836,843,0.0,0.8481363098089462,1.8519154643574898,3.681411295803896,843,0.0,0.06735520958616917,0.10687396073698041,0.18530799786780272,831,0.014234875444839812,6.687738709443641,14.378606224633678,30.94180593195692,831,0.014234875444839812,1.7553785647879425,6.499611066037301,20.1281177899036,831,0.014234875444839812,1.0944295867801757,2.4343366883696795,5.186954692169875,831,0.014234875444839812,0.29798208510307217,1.1134990907986535,3.1549272729717015,838,0.005931198102016588,0.8773476643788777,1.7712498817747622,3.8625457645016725,838,0.005931198102016588,0.2626945818174236,0.7956614360525462,1.919335605677344,843,0.0,3.0,6.0,8.0
VALIDATION,2,399,399,0.0,5.108320399589427,6.19879864702944,7.322468200604008,399,0.0,0.475747584171736,0.6909088952323191,1.0580452408403689,399,0.0,0.335310702134146,0.5223877039509851,0.8621777622310227,399,0.0,0.3405331247468278,0.4865671520198732,0.7805340726786997,399,0.0,0.6111696526790972,1.3985529617766073,3.3899915551141877,399,0.0,0.05308909176816548,0.08550207531170101,0.1502391274250159,389,0.02506265664160401,5.731153101213825,13.667483887806512,27.337801620846715,389,0.02506265664160401,2.5096755621105857,7.065532585570661,17.70334547945794,389,0.02506265664160401,0.9929734649478931,2.1685041343112856,4.3810836828460555,389,0.02506265664160401,0.41942082702512945,1.164634074274147,2.764803624997492,398,0.0025062656641604564,0.9764504066587061,1.7722308677401089,3.6662912175096602,398,0.0025062656641604564,0.40606345920778597,0.933381978924468,2.1204361149382924,399,0.0,3.0,5.5,9.0
VALIDATION,3,50,50,0.0,4.705396631052302,5.524182655443183,6.305539908315016,50,0.0,0.5158375041901143,0.6636341460199877,1.0028694061613772,50,0.0,0.39487396103212685,0.5609094557723252,0.8096647122888047,50,0.0,0.3532981102931832,0.5174902814647054,0.8450882224997545,50,0.0,0.7219697770739291,1.2273646224660029,3.3774174672584536,50,0.0,0.05265649972494037,0.07072001158398045,0.12180466413390108,49,0.020000000000000018,10.048950348337266,17.90701804920011,31.762363978408796,49,0.020000000000000018,3.599120631733534,7.924613519603134,20.06207604513247,49,0.020000000000000018,1.7583008581336883,3.2455297200801376,5.924535740816381,49,0.020000000000000018,0.6835184421307416,1.6145121381868486,3.391109596646235,49,0.020000000000000018,0.8731983319241288,1.2806259477281157,2.079818587861623,49,0.020000000000000018,0.3472760272304484,0.7211795404919101,1.2420983935503667,50,0.0,2.0,4.0,6.0
VALIDATION,4,2,2,0.0,5.80928803411289,5.939564094835877,6.069840155558864,2,0.0,0.7178570890229989,0.8600142128842245,1.0021713367454501,2,0.0,0.7535401137339479,0.7705885263058385,0.7876369388777292,2,0.0,0.6523211080779535,0.6906145471680298,0.7289079862581062,2,0.0,0.6068546272968082,1.095772801162278,1.584690975027748,2,0.0,0.0774781838723169,0.10244807427714155,0.12741796468196617,2,0.0,17.370979096901742,24.084044048635356,30.797109000368966,2,0.0,9.276412888436333,12.070533419486939,14.864653950537544,2,0.0,3.0481881152606576,4.192220534915207,5.336252954569757,2,0.0,1.1968306143845764,1.5881624219170345,1.9794942294494926,2,0.0,1.0244227947274098,1.14295087065297,1.2614789465785305,2,0.0,0.3804233483118629,0.5840830036194199,0.7877426589269769,2,0.0,3.4,5.0,6.6
VALIDATION,5,23,23,0.0,5.066294170829315,6.161225432468318,6.880213757600879,23,0.0,0.43404849037501825,0.6389000406138347,0.9443576496017541,23,0.0,0.3766686828626837,0.5399729078171183,0.9084078470237562,23,0.0,0.3452109098675598,0.4229792420802385,0.6987792896069321,23,0.0,0.6585364954076763,1.5627685468967503,3.7401272114902655,23,0.0,0.05914539037534493,0.08658848814678523,0.15903223266214073,23,0.0,7.005551469549444,16.16217703199605,32.14512698539529,23,0.0,3.487362572074264,6.349167427184802,17.5615993218976,23,0.0,1.0234085667901913,2.5913842080785696,5.07795329984976,23,0.0,0.509181330643334,1.1993338388536672,2.684322439078111,23,0.0,1.1629792975308066,1.892393604578646,3.1507001935512737,23,0.0,0.18813284588936702,1.0655718570239359,1.6137660733418866,23,0.0,3.2,5.0,7.0
VALIDATION,6,174,174,0.0,4.051490416646406,5.180352292595435,6.089240560990581,174,0.0,0.4599718115400533,0.655410536705682,0.956662126616486,174,0.0,0.3655330810438815,0.551959156320682,0.8597934699523917,174,0.0,0.36372606597924984,0.5094664449387198,0.8140536364983499,174,0.0,0.6778657664984584,1.2406341808576093,2.837388464258338,174,0.0,0.051700582506851625,0.07227467318402883,0.12244780183954998,172,0.011494252873563204,6.7291648123538845,16.56236176943328,29.7290703301152,172,0.011494252873563204,2.2591686011235663,6.471017459256352,16.88482014948145,172,0.011494252873563204,1.1974605692864209,3.1643835568227656,5.943083497695794,172,0.011494252873563204,0.46478649807900957,1.2772073178176018,3.05530345913266,174,0.0,0.9074936026330347,1.6310762551084055,2.8965120156514037,174,0.0,0.2942910067097556,0.7759889807352753,1.4118987121734001,174,0.0,3.0,5.0,8.0
