vehicle_class,metric,calibration_n,validation_n,calibration_median,validation_median,ks_statistic,robust_median_delta_iqr,enough_samples,substantial_drift
1,median_speed_delta_to_stream_mps,851,843,0.195262405590098,0.22772768703982393,0.030994169165297125,0.02607097429432859,True,False
1,median_speed_ratio_to_stream,851,843,1.0326426300506353,1.0378629157976902,0.04064020697163201,0.024182239334720038,True,False
1,median_headway_s,837,831,2.40240504747464,2.4343366883696795,0.026771735051693113,0.015256103907511354,True,False
1,p10_headway_s,837,831,1.0671667544671897,1.1134990907986535,0.06215683483646681,0.03472430755461819,True,False
1,median_headway_context_ratio,837,831,0.9775916687650352,0.9880108674114448,0.06729379898123344,0.0366407052168571,True,False
1,median_front_gap_context_ratio,837,831,1.0005965493968072,0.9989689639641101,0.027707689056239188,0.007590489555912776,True,False
1,median_side_clearance_width_ratio,844,837,3.109080943332763,2.989510041662304,0.04045139773621653,0.04810123870315575,True,False
1,median_side_clearance_context_ratio,844,837,0.9945197168762584,0.9587837178235865,0.04605848012819422,0.047745267097844164,True,False
1,median_accel_excess_mps2,852,843,0.0,-0.14002721074352187,0.2944965164653401,0.5158762617333146,True,True
1,median_braking_excess_mps2,852,843,0.009540732608062569,-0.1512180178480757,0.353336507777388,0.6615770250068783,True,True
1,median_lateral_activity_excess_mps,852,843,5.7761327797861695e-06,-0.0024826998236450876,0.10238835146107966,0.05422170258697295,True,False
2,median_speed_delta_to_stream_mps,401,399,0.3120648160174304,0.36138174704905435,0.06601291258070363,0.0440112172532458,True,False
2,median_speed_ratio_to_stream,401,399,1.0521766711812683,1.0642372417304693,0.06356914730717067,0.061557182787354,True,False
2,median_headway_s,397,389,2.1608253908593267,2.1685041343112856,0.08944331846172782,0.004528589777957562,True,False
2,p10_headway_s,397,389,1.1147642629184185,1.164634074274147,0.07248450784482596,0.044416468927787604,True,False
2,median_headway_context_ratio,397,389,0.9960920499599912,0.9861209725974396,0.06093904800139867,0.04377152111404252,True,False
2,median_front_gap_context_ratio,397,389,1.0046510343320278,0.9927624130708953,0.06183911469698833,0.058148639115389554,True,False
2,median_side_clearance_width_ratio,400,398,1.2390794568866799,1.1141250697516725,0.13224874371859296,0.1489930363486152,True,False
2,median_side_clearance_context_ratio,400,398,1.0029069709010785,0.9002438816260644,0.1442085427135678,0.16134533408241855,True,False
2,median_accel_excess_mps2,401,397,-0.001108422819476762,-0.12014900801184125,0.3342274037827346,0.5218892670625156,True,True
2,median_braking_excess_mps2,401,399,0.0035710995362480125,-0.1251689302175028,0.3946212163826024,0.6831010468766942,True,True
2,median_lateral_activity_excess_mps,401,399,-0.0013111787559767912,-0.008328680644337089,0.16626353914711967,0.201420374854445,True,False
3,median_speed_delta_to_stream_mps,45,50,-0.08615575114653762,-0.2195747885105912,0.13333333333333336,0.10645136796732815,False,False
3,median_speed_ratio_to_stream,45,50,0.9872501345162206,0.9620870827960424,0.15333333333333332,0.12321193572206997,False,False
3,median_headway_s,44,49,3.1912316841693116,3.2455297200801376,0.11966604823747679,0.028910323916440665,False,False
3,p10_headway_s,44,49,1.537225133356848,1.6145121381868486,0.1368274582560296,0.06244436174724456,False,False
3,median_headway_context_ratio,44,49,1.0144021546142468,0.8897467179440239,0.23979591836734693,0.34176401549353114,False,False
3,median_front_gap_context_ratio,44,49,0.9935323626268798,0.8473135232355147,0.3214285714285714,0.4844772209702415,False,False
3,median_side_clearance_width_ratio,45,49,0.629420732872062,0.48050166137444006,0.436281179138322,0.6135236000701383,False,False
3,median_side_clearance_context_ratio,45,49,0.9923689667960163,0.7815736135443312,0.508843537414966,0.8089442461534844,False,False
3,median_accel_excess_mps2,45,50,0.007948181139262156,-0.14028546637762906,0.48444444444444446,0.7797601146080623,False,False
3,median_braking_excess_mps2,45,50,-0.01692182291045813,-0.06665627674841926,0.3244444444444444,0.25809134300230324,False,False
3,median_lateral_activity_excess_mps,45,50,-0.0007728589656641957,-0.012899288138850249,0.35333333333333333,0.4922857871197389,False,False
4,median_speed_delta_to_stream_mps,7,2,-0.21448505158792663,0.09784782090763322,0.5,0.24284549217105003,False,False
4,median_speed_ratio_to_stream,7,2,0.9611471551763268,1.006156695553656,0.5,0.23325252140810548,False,False
4,median_headway_s,7,2,4.370467956851657,4.192220534915207,0.35714285714285715,0.11798460628549153,False,False
4,p10_headway_s,7,2,1.7381679389974427,1.5881624219170345,0.5,0.179381539153295,False,False
4,median_headway_context_ratio,7,2,1.0209858284821496,1.059054329817751,0.35714285714285715,0.16623593719723734,False,False
4,median_front_gap_context_ratio,7,2,1.0282570662719674,1.0887506034719134,0.35714285714285715,0.1765779702953701,False,False
4,median_side_clearance_width_ratio,7,2,0.85527772541436,0.5479969139292719,0.7142857142857143,1.431182908093574,False,False
4,median_side_clearance_context_ratio,7,2,1.1246755389895648,0.7231765256548632,0.7142857142857143,1.6259271140738552,False,False
4,median_accel_excess_mps2,7,2,-0.120615044032505,-0.04099277948637153,0.4285714285714286,0.3074316314771965,False,False
4,median_braking_excess_mps2,7,2,0.039883666473890744,-0.07409846717206423,0.4285714285714286,0.9611928422298633,False,False
4,median_lateral_activity_excess_mps,7,2,-0.0030615270055763116,-0.0010906569799819278,0.3571428571428571,0.2843905155103184,False,False
5,median_speed_delta_to_stream_mps,17,23,-0.05384410848653243,0.25745072185259676,0.29923273657289007,0.43752762167057957,False,False
5,median_speed_ratio_to_stream,17,23,0.9906817041094759,1.0390256606383972,0.29923273657289007,0.40339730045051353,False,False
5,median_headway_s,17,23,3.0628887520946186,2.5913842080785696,0.20204603580562658,0.21907030129618896,False,False
5,p10_headway_s,17,23,1.9870505487793328,1.1993338388536672,0.2864450127877238,0.44551144301398166,False,False
5,median_headway_context_ratio,17,23,0.9944507978898952,0.8406256963619101,0.2864450127877238,0.3389804701133668,False,False
5,median_front_gap_context_ratio,17,23,0.9922262939133719,0.7432781114031184,0.3452685421994885,0.5734283070423316,False,False
5,median_side_clearance_width_ratio,16,23,0.9817286727243091,1.0421449390559012,0.20108695652173914,0.1008398525174599,False,False
5,median_side_clearance_context_ratio,16,23,0.9466403042758018,0.8777859337986871,0.24184782608695654,0.13546147339633285,False,False
5,median_accel_excess_mps2,17,23,-0.010549472963968465,-0.23376300456691274,0.5319693094629157,0.7793668511125966,False,False
5,median_braking_excess_mps2,17,23,0.08736136758006896,-0.2260663332417528,0.7800511508951407,1.4802071289099354,False,False
5,median_lateral_activity_excess_mps,17,23,0.0,-0.002439513854446837,0.17391304347826086,0.09158635316866712,False,False
6,median_speed_delta_to_stream_mps,192,174,-0.6643736984947468,-0.6094675954388407,0.07183908045977011,0.04879882217424098,True,False
6,median_speed_ratio_to_stream,192,174,0.8976069464941034,0.8998924774050729,0.08979885057471265,0.012117907016255577,True,False
6,median_headway_s,187,172,2.8602565906295636,3.1643835568227656,0.13521328193010818,0.12840726561440696,True,False
6,p10_headway_s,187,172,1.1539804369144542,1.2772073178176018,0.08671185175973138,0.08654438074985042,True,False
6,median_headway_context_ratio,187,172,0.988523354736631,0.9923312155097737,0.0756435766695685,0.014092065458038133,True,False
6,median_front_gap_context_ratio,187,172,1.0,1.002711695602623,0.07828628280064664,0.014329004763764025,True,False
6,median_side_clearance_width_ratio,192,174,1.2826116777596819,1.1855315710866705,0.1602011494252874,0.12489425266840344,True,False
6,median_side_clearance_context_ratio,192,174,1.0251171634588874,0.9074846269312808,0.12984913793103448,0.20106426122891433,True,False
6,median_accel_excess_mps2,192,174,-0.015337383912644692,-0.14061003504249905,0.3823635057471264,0.6054183420947868,True,True
6,median_braking_excess_mps2,192,174,0.0036317734867171714,-0.09939619080751526,0.33045977011494254,0.5804798260775625,True,True
6,median_lateral_activity_excess_mps,192,174,0.0013288962006582344,-0.005937715332455672,0.17852011494252873,0.32174585209137807,True,False
