vehicle_id,vehicle_class,crossing_time_s,crossing_speed_mps,depart_s,persona
1,1,6.330438538843329,4.497967706456277,60.0,P3
3,1,14.313014475612345,8.295317267973706,67.98257593676901,P2
2,1,15.501158701290848,4.18135640275412,69.17072016244752,P3
4,1,17.43213865743261,8.230640483783716,71.10170011858928,P3
5,3,19.84383161829917,5.268330847054571,73.51339307945584,BG
8,2,20.738582562695136,7.75086194685414,74.4081440238518,P1
9,2,21.316343847824193,9.305244734848902,74.98590530898086,P2
6,1,21.696634081537738,5.213007747941004,75.36619554269441,P2
7,1,22.080366607007868,6.9458817579980465,75.74992806816454,P1
10,2,23.814429925465976,7.78056376983603,77.48399138662265,P2
12,1,25.2624371803554,4.977347774130886,78.93199864151207,P1
11,1,25.293435471286063,5.7550191396848085,78.96299693244273,P1
14,1,25.418691015690015,8.274146264577116,79.08825247684669,P1
13,2,25.68837232374995,6.112366978228515,79.35793378490662,P2
15,1,27.10363625974883,7.44884860542503,80.7731977209055,P2
16,1,29.554422242419943,4.822309379199325,83.22398370357661,P3
19,1,29.60582267950609,11.351879393420752,83.27538414066277,P3
17,1,29.73470440531436,5.390360413197857,83.40426586647104,P1
18,1,30.57942051661151,5.161255292488487,84.24898197776818,P1
20,1,31.578788466505483,7.066522937389491,85.24834992766216,P1
21,2,31.6052958198568,7.652086217907732,85.27485728101347,P2
22,1,31.76696836182933,4.610022786682499,85.436529822986,P2
23,1,32.04249228980134,5.848941497623635,85.712053750958,P2
24,1,33.27997824514819,8.935457641392743,86.94953970630486,P3
25,1,33.69556383515743,8.84112354612742,87.3651252963141,P1
26,1,34.26748064287558,6.999355305905855,87.93704210403226,P1
27,1,35.328160759189636,7.157279752914053,88.9977222203463,P1
29,1,35.94291092731177,7.469961538931869,89.61247238846845,P1
28,1,36.738639121441146,5.079834620877409,90.40820058259781,P1
30,2,36.85188074814032,9.686794073266958,90.52144220929699,P1
31,1,37.31609616187102,7.8166759597031605,90.98565762302769,P3
32,1,37.96733646958722,9.078093370086158,91.63689793074388,P3
33,1,38.576098220974686,6.500946089153101,92.24565968213136,P1
35,2,39.02009874663557,7.524030401145777,92.68966020779223,P1
34,1,39.173529363479325,7.172813591737629,92.843090824636,P1
36,2,40.79926551417294,8.089178987931934,94.4688269753296,P2
37,1,41.45119675269327,6.759061685021095,95.12075821384994,P1
38,1,42.059941608030876,6.398197485701434,95.72950306918754,P2
39,1,42.395356202330866,6.948761557404364,96.06491766348753,P1
40,1,42.545543845669876,6.272244320224518,96.21510530682654,P3
43,6,43.739066660134455,5.954389687577487,97.40862812129112,P1
44,2,44.15191183630064,7.339172714608308,97.82147329745732,P2
47,2,44.846678012919355,5.308260985056592,98.51623947407603,P1
46,1,45.045622085147585,10.594916594457096,98.71518354630425,P1
41,1,45.40414010080379,4.626778362727957,99.07370156196046,P2
42,6,45.54734475087512,6.433165816729285,99.21690621203179,P1
49,4,46.324715952181045,6.373060123019692,99.99427741333771,BG
45,1,46.368621769509005,6.068807361007669,100.03818323066568,P2
53,1,46.702527097406254,8.364134715788776,100.37208855856292,P3
52,1,47.74427277605326,6.518911120777316,101.41383423720993,P3
51,1,48.01328537630339,4.266784691655807,101.68284683746006,P2
56,1,48.24880312755106,8.085529799664428,101.91836458870773,P1
57,1,48.593249686569834,6.231948957931075,102.2628111477265,P2
65,1,48.66103022045537,7.933626609658951,102.33059168161205,P1
48,1,48.730755649354755,6.124248425072626,102.40031711051142,P3
60,1,48.74156723085803,4.998123299929842,102.4111286920147,P3
50,1,49.106128454375266,5.185130474630971,102.77568991553193,P3
59,6,49.26517437762754,5.563161346338181,102.9347358387842,P1
63,1,50.17110450484392,5.982997242450014,103.84066596600059,P2
54,1,50.23913427413066,4.2941338091346175,103.90869573528732,P1
64,1,50.294523923232546,7.316041305951338,103.96408538438922,P3
58,1,50.68226103990319,7.51284674861856,104.35182250105986,P1
62,1,50.785794855925005,5.013694122174836,104.45535631708168,P1
55,1,50.876192234488876,5.733810416873529,104.54575369564554,P1
66,1,51.08990927718261,5.983691001009671,104.75947073833927,P1
69,1,51.708150685569464,7.572253888430858,105.37771214672614,P3
61,1,51.746733094951516,4.4544703995930695,105.41629455610818,P2
68,1,51.80502076590445,6.753271898827185,105.47458222706112,P1
72,1,52.31270748384389,5.492278263295157,105.98226894500056,P2
67,6,52.70995905885112,6.459238817111202,106.37952052000779,P1
73,1,53.08593643040654,7.539497889744767,106.75549789156321,P1
70,1,53.606974013085456,5.134927465982537,107.27653547424212,P1
71,1,54.6503110917211,6.955967912181328,108.31987255287777,P1
74,2,54.679199379835126,8.132014798910715,108.34876084099179,P2
76,2,56.125348832329834,7.320751125166894,109.79491029348651,P2
75,3,56.6161858462884,6.858672499391963,110.28574730744506,BG
78,2,57.430747533119195,5.289291088800469,111.10030899427586,P2
77,2,58.370149849903,3.5877669934774774,112.03971131105968,P2
83,1,59.33876324366998,7.917964690644175,113.00832470482665,P2
84,1,59.721765891277634,9.078155134137289,113.3913273524343,P1
80,1,59.943991407498025,9.295309359423054,113.6135528686547,P1
79,2,60.45906594127111,4.373321756528516,114.12862740242778,P1
81,1,60.5226433193708,9.219253945955781,114.19220478052748,P1
85,1,60.779566654947,6.500798805881246,114.44912811610367,P2
82,2,61.23337834397985,7.055311686745452,114.90293980513653,P1
86,2,61.486021781757806,10.447949730288306,115.15558324291447,P1
87,2,62.211501837300624,7.456919918761133,115.88106329845729,P2
88,1,62.27071236250289,6.630847234071015,115.94027382365957,P1
91,2,62.33318200647827,5.080914843355051,116.00274346763493,P1
89,2,62.474554334838636,7.717764340839714,116.1441157959953,P2
90,1,63.26214805200931,7.360015070250889,116.93170951316597,P1
92,1,63.95136195575014,6.912222272908488,117.6209234169068,P2
93,1,64.48695252459035,6.925466368001874,118.15651398574701,P1
95,2,64.51916474395611,7.661969586911046,118.18872620511277,P1
98,2,65.67903360164792,7.996696585806177,119.34859506280458,P1
94,1,66.37344216836973,3.8914464402898954,120.0430036295264,P2
96,1,66.62369115995362,7.241355497563217,120.2932526211103,P1
97,1,66.79345200019964,7.47306895118058,120.4630134613563,P3
100,1,67.90126150666073,9.828563722384981,121.5708229678174,P1
99,1,68.10052034313203,7.318816979592839,121.77008180428871,P2
101,2,68.77778603997447,9.409966962993431,122.44734750113113,P1
103,1,70.12541956862378,8.049917578085795,123.79498102978044,P1
102,2,70.26447898762859,9.077977009051661,123.93404044878525,P1
105,1,71.57627482413446,9.951496698053012,125.24583628529113,P1
107,1,71.70606824733277,6.646657629499565,125.37562970848944,P1
104,1,71.7594412015349,6.629206540112617,125.42900266269157,P1
108,1,71.93827031297089,4.655878719716238,125.60783177412756,P2
110,1,72.28144501720695,6.0737668781511465,125.95100647836362,P1
111,2,72.33986242488028,7.799600327675798,126.00942388603696,P1
106,6,72.39615268121304,7.564094064980496,126.06571414236971,P1
109,2,72.49891147826419,6.9192172801264435,126.16847293942087,P1
114,1,73.32747275598575,8.896319006236975,126.99703421714243,P2
113,2,73.75975630022265,6.590531942302989,127.42931776137932,P2
112,1,73.86744785518752,8.631893738608289,127.5370093163442,P1
117,6,75.13327951235813,6.917086622942329,128.8028409735148,P1
115,1,75.2509003458937,6.873744581920585,128.92046180705037,P3
118,1,75.70675525426859,7.098704092150758,129.37631671542528,P2
119,1,75.89035302522531,10.290026491566238,129.55991448638198,P2
116,1,76.07390850801048,4.72293640137761,129.74346996916717,P1
122,2,77.07705961517202,8.585334462687168,130.7466210763287,P2
120,6,78.11165731392089,6.8527719251688435,131.78121877507755,P1
125,2,78.54219379584742,8.478889708102734,132.21175525700409,P1
121,1,79.30644720112329,6.708575794543438,132.97600866227998,P2
126,6,79.36245051071742,10.424683030178876,133.0320119718741,P1
124,1,79.86602719186754,5.649899278512192,133.5355886530242,P3
123,1,80.57611740497596,5.193064216014358,134.24567886613264,P1
127,1,80.92901099237417,6.77020814897185,134.59857245353083,P2
130,5,81.529018373326,8.504495803751631,135.19857983448267,BG
128,6,82.4729285364622,6.862513998204861,136.1424899976189,P1
132,1,82.75285648448921,6.705930881613784,136.4224179456459,P1
129,1,84.15296431013529,5.97720482261859,137.82252577129196,P1
133,2,84.1948018356374,7.137209737632084,137.86436329679407,P1
134,1,84.25423751903256,7.365443044871477,137.92379898018925,P1
131,1,84.92429981865567,6.616164994815709,138.59386127981236,P3
138,1,85.1586260614908,12.583710172586349,138.82818752264748,P1
135,4,85.3635489908118,6.309415784219644,139.03311045196847,BG
137,1,86.60827260296449,7.12064772296479,140.27783406412118,P1
136,3,86.97068379193531,6.992746908480573,140.640245253092,BG
141,2,87.10481237049994,6.738468931736314,140.77437383165662,P2
139,2,87.35994673748043,7.822141255318165,141.0295081986371,P1
143,2,88.66503581547687,6.026737157791596,142.33459727663353,P1
140,1,89.03872962695611,7.998857672401373,142.7082910881128,P1
145,2,89.90055156265727,6.91285216001015,143.57011302381395,P1
142,1,89.96186425762039,6.440481782768554,143.63142571877705,P1
144,1,90.44095076946931,7.283676116130102,144.110512230626,P1
146,2,92.19872679225314,5.948189756927993,145.86828825340982,P2
147,4,96.62472168976753,5.354436733900923,150.2942831509242,BG
148,2,96.9029749917594,9.014745335956206,150.57253645291607,P1
149,3,107.6421533840544,6.779009071303292,161.31171484521107,BG
150,3,108.93634461388295,4.279074433802513,162.60590607503963,BG
153,6,110.15548198596998,10.251337929226427,163.82504344712666,P1
154,2,110.74836585115902,10.840945332083121,164.4179273123157,P1
151,6,111.16246691612382,5.548485866659765,164.8320283772805,P1
152,1,111.41864418772411,6.756164973124326,165.08820564888077,P3
159,2,112.22387052583902,7.156189346448839,165.8934319869957,P1
156,1,112.96918120473033,8.391689894337102,166.638742665887,P3
160,2,113.0086527793434,6.241041697127355,166.67821424050007,P1
155,1,113.79505434186527,5.308513294675691,167.46461580302196,P1
157,1,114.13934395001412,7.040885730414119,167.8089054111708,P1
158,1,114.3277724261015,4.916542749599299,167.99733388725818,P1
162,1,114.55311870507062,9.09211173709921,168.2226801662273,P3
161,6,115.49103934532354,7.5534716683452885,169.1606008064802,P1
163,3,116.8656960385925,8.375174365851485,170.53525749974918,BG
165,1,118.03429424345387,7.155803198039494,171.70385570461053,P1
166,2,118.44045521834208,7.759423981636551,172.11001667949876,P1
168,2,119.88453426365027,4.414234711581552,173.55409572480693,P1
164,1,119.96355468882878,3.532255780901022,173.63311614998545,P1
172,2,120.01269037516846,8.131612176739413,173.68225183632512,P1
171,1,120.19226942569027,7.353290960518635,173.86183088684695,P2
167,3,120.58872738547016,6.582968471591831,174.25828884662684,BG
169,1,120.77923135921264,8.2182030712459,174.4487928203693,P3
173,1,120.80505217344123,9.99025412052621,174.47461363459792,P2
170,1,120.96875407013897,8.884481280667252,174.63831553129563,P3
177,1,123.4874629565584,11.57712894705678,177.1570244177151,P3
176,5,124.34749291209602,7.794828391464088,178.01705437325268,BG
178,1,124.42056860769786,7.943821763679422,178.09013006885453,P1
181,1,124.52678345407976,7.932438999679766,178.19634491523644,P1
174,1,125.18472712081326,4.685328994217428,178.85428858196994,P1
175,6,125.8812419433856,5.872179375830273,179.55080340454228,P1
184,2,126.27441118953249,8.406544450755124,179.94397265068915,P1
180,6,126.47640186790737,7.260326637693389,180.14596332906405,P1
182,1,126.95686642068667,4.873142393416876,180.62642788184334,P1
183,1,127.37759994382176,6.448437888224907,181.04716140497845,P1
179,6,127.4773346436705,2.5234440338444473,181.1468961048272,P2
186,2,127.67753015380424,5.7212779641509846,181.3470916149609,P1
185,1,129.02067548349225,6.3206406648280815,182.69023694464892,P1
188,1,129.33276239511227,7.0722675379504985,183.00232385626896,P2
187,2,130.64178597682718,5.588860555572434,184.31134743798384,P1
189,1,131.3818463756194,6.29629072138063,185.0514078367761,P3
190,1,131.77011806825172,7.628718609984782,185.4396795294084,P2
197,1,131.8788089372839,10.932901341193771,185.54837039844057,P1
195,2,132.57044820446492,5.193281270703747,186.24000966562159,P2
193,2,132.59731637419793,7.935356081978652,186.2668778353546,P1
192,3,132.72430318302764,6.282606488978131,186.3938646441843,BG
194,1,133.50251111158312,4.656419597955905,187.1720725727398,P1
199,2,133.64666634802785,6.267455865464637,187.3162278091845,P1
206,1,134.18063630961532,8.738228586147313,187.850197770772,P1
196,1,134.52682985829608,4.265355701728571,188.19639131945274,P1
198,1,134.6646622028202,6.558530919543693,188.33422366397687,P1
201,2,134.72103597505568,6.727502706009378,188.39059743621235,P1
191,1,135.10847095353708,5.827137520636466,188.77803241469374,P1
202,1,136.04175557306715,7.383615633874086,189.7113170342238,P2
205,2,136.17613716985227,6.450924194316907,189.84569863100893,P2
200,1,136.9977114596438,4.681105213114192,190.66727292080046,P3
204,2,137.23714102203562,5.04115686006477,190.90670248319228,P2
207,2,137.43036859309993,9.187665238779253,191.0999300542566,P1
210,6,137.5703998105579,7.485758697298986,191.23996127171455,P1
203,1,137.74065089028818,4.928542145431086,191.41021235144484,P2
209,2,138.42917047386976,6.302257500017118,192.09873193502642,P1
208,1,139.63110237251456,5.886778017228952,193.30066383367122,P2
212,1,140.3672053702985,6.587717396734223,194.03676683145517,P2
211,1,140.84036556432602,6.802955366807283,194.50992702548268,P2
214,1,140.96166682431405,5.779819461984074,194.6312282854707,P2
215,1,141.75876033155285,8.242675931909083,195.4283217927095,P2
213,1,142.4008373133553,7.9201373389224266,196.07039877451197,P1
217,1,143.55766832682173,7.575903361592412,197.2272297879784,P2
216,6,144.25475370514636,6.482549051462245,197.92431516630302,P2
218,1,144.4461746629259,8.88247896855029,198.11573612408256,P2
222,1,144.4911387754631,11.030633368719078,198.16070023661976,P1
219,1,144.57433831114955,9.641673855837869,198.2438997723062,P2
221,1,146.2789843833899,7.097074447355115,199.94854584454657,P1
224,1,146.36801264619632,6.900941900565005,200.03757410735298,P1
225,1,146.42632345601956,8.457780530160392,200.09588491717622,P3
223,2,146.77607413416843,6.395071486283157,200.4456355953251,P2
220,1,146.81931807714616,4.408816925173589,200.48887953830283,P1
226,2,146.83131470930718,5.876247524602999,200.50087617046384,P2
228,1,147.4244511059681,8.044442770286416,201.09401256712476,P1
227,1,148.4073995301874,5.793388952082552,202.07696099134407,P3
229,1,148.45285329219334,6.004690157428941,202.12241475335,P3
231,2,148.564076368165,8.664025298692252,202.23363782932165,P2
230,1,148.72079792764862,7.317656165501453,202.39035938880528,P1
232,1,149.475262069109,7.507185416981994,203.14482353026565,P1
233,1,150.3309918698837,6.233055841209611,204.00055333104035,P2
234,2,152.06846776531196,5.814141031929894,205.73802922646863,P2
235,3,154.15088584067962,7.224759918018587,207.82044730183628,BG
236,1,155.223413565871,7.3599153134521025,208.89297502702766,P1
238,1,156.5840061819046,6.673239964849999,210.25356764306127,P1
240,2,156.93080092820497,7.619270064592026,210.60036238936163,P1
239,1,157.87261521738188,8.7647574388439,211.54217667853854,P2
242,2,158.23309064191915,5.819654097252662,211.9026521030758,P1
243,1,158.66056913505344,7.689827261590594,212.3301305962101,P3
241,1,159.00632171314498,6.906942605382771,212.67588317430165,P2
237,1,159.07032976856922,5.779730503257534,212.73989122972588,P1
244,1,160.07962869157168,8.342413566400415,213.74919015272835,P1
245,2,161.16756619660083,7.338907906017188,214.8371276577575,P1
247,1,161.5240218037167,5.997353155387542,215.19358326487335,P3
250,1,161.96486779732683,10.289653858657266,215.6344292584835,P1
249,1,161.979157128994,8.509437465229936,215.64871859015065,P2
246,6,162.20695596199198,4.808782272728221,215.87651742314864,P1
255,2,162.39316041528943,6.687124869687068,216.0627218764461,P2
252,2,162.40674105823226,7.783501508592758,216.07630251938892,P2
251,1,163.19915480518105,5.730814314443407,216.8687162663377,P2
257,2,163.43889382494015,7.777653532052591,217.1084552860968,P1
248,1,164.05318083553823,6.229099897000388,217.7227422966949,P2
256,2,164.05575352703062,6.043162607132276,217.72531498818728,P1
254,1,164.269946958787,5.2796503473148535,217.93950841994365,P1
253,1,164.45799099733057,7.536451823542768,218.12755245848723,P1
258,3,165.88176784053985,5.7736957975713885,219.5513293016965,BG
259,1,166.33349507644584,8.376977008910583,220.0030565376025,P2
262,1,166.58993733102957,12.377701448278104,220.25949879218624,P2
260,2,167.26218424195076,8.376051220505973,220.93174570310742,P1
265,2,168.57949462561226,8.028802604288263,222.24905608676892,P1
261,1,168.74912278783515,5.783188994304617,222.4186842489918,P2
263,1,168.9079768558947,6.2271822755735045,222.57753831705136,P1
264,1,169.5868379929682,6.8792320289514075,223.25639945412487,P1
269,1,169.9027073601668,8.49849655011627,223.57226882132346,P3
267,2,170.0425659118189,8.77748237557379,223.71212737297557,P1
266,2,170.0983359581544,3.9450966228148467,223.76789741931105,P2
268,1,170.44655924829678,9.931653359450912,224.11612070945344,P1
271,2,171.99470266717393,4.886151070584297,225.6642641283306,P1
272,1,172.57046782492998,4.511576596924885,226.24002928608664,P1
275,1,172.87774648646655,7.113383434883925,226.5473079476232,P3
274,1,173.2062493865574,6.5406380183579,226.87581084771406,P2
273,1,173.98676790771503,5.684578332376939,227.6563293688717,P1
276,1,174.23847765961665,4.399763865245903,227.9080391207733,P1
278,2,174.62980562666593,7.73533184856884,228.2993670878226,P1
270,1,174.84678731776228,4.585164259931895,228.51634877891894,P2
277,1,176.13714928239415,6.334744701675524,229.8067107435508,P2
280,2,176.372894515302,6.858366044918732,230.04245597645865,P2
281,2,177.05469454820863,6.806820374745432,230.7242560093653,P1
282,2,177.82034941805134,6.506946033822966,231.489910879208,P2
283,1,178.32953163252375,6.081626441434443,231.99909309368041,P3
285,2,178.32969105105815,7.268118630671345,231.9992525122148,P2
284,2,178.73546159133818,6.299902748290931,232.40502305249484,P1
279,6,179.1200853464448,4.954347662932394,232.78964680760146,P1
289,1,179.57108284373246,8.205274766852904,233.24064430488912,P2
294,1,179.7346973675652,8.488898054487017,233.40425882872185,P1
288,1,179.77032413851035,6.8338397204976,233.439885599667,P1
290,1,179.88670545498587,8.475208454409286,233.55626691614253,P1
291,1,179.9956463908318,8.24745526068453,233.66520785198847,P2
287,1,180.20914781946374,6.944756674150582,233.8787092806204,P1
295,1,181.58532405242153,6.753011862438288,235.2548855135782,P1
293,1,181.7965354533962,4.770947330806156,235.46609691455285,P1
298,1,181.90076724749312,6.757153692184508,235.57032870864978,P1
297,1,182.1946078964739,7.813219931199613,235.86416935763057,P3
286,1,182.56089912397633,5.934191295237394,236.230460585133,P1
304,2,182.62627052759163,7.425968654347594,236.2958319887483,P1
303,1,183.02109146703722,8.39550002972873,236.69065292819388,P3
296,1,183.11449867375455,5.90451617272223,236.78406013491121,P2
292,1,183.37214861638748,5.9185226858755735,237.04171007754414,P1
301,1,183.82634439271797,7.821450141001816,237.49590585387463,P3
299,1,183.94053215071145,5.232833143857262,237.6100936118681,P1
302,1,184.07834957722102,7.831125090470513,237.74791103837768,P1
306,1,184.59389988122473,5.670334147397932,238.2634613423814,P1
300,1,184.81528606754398,4.992147023543623,238.48484752870064,P2
307,1,184.99438203058077,6.9354197356149445,238.66394349173743,P1
308,2,185.40768493375705,7.362169358969625,239.07724639491371,P1
305,1,186.00840360012882,4.798253696004751,239.67796506128548,P2
311,2,186.17335857381119,5.34472729234229,239.84292003496785,P2
309,1,186.55887846721618,6.256917335659215,240.22843992837284,P1
310,2,186.7488751229158,6.535500280854975,240.41843658407245,P2
313,1,186.87713555269488,5.8752308454338635,240.54669701385154,P3
312,6,187.4225132640416,5.309658444773844,241.09207472519827,P1
316,1,188.48350737524856,5.443187967776838,242.15306883640523,P1
314,1,188.8601305096017,6.103813593433031,242.52969197075836,P2
315,2,189.0678707459107,5.040896719277918,242.73743220706737,P1
319,1,189.30298018970237,8.727669979615447,242.97254165085903,P3
317,2,190.09826312133958,5.814374137924257,243.76782458249625,P1
321,1,191.12930405575864,5.905674594837791,244.7988655169153,P3
318,1,191.15476910755854,4.7067253934568845,244.8243305687152,P1
322,2,191.75872993813573,6.442576528126451,245.4282913992924,P1
320,2,192.24258509777616,4.9435049158270425,245.91214655893282,P1
323,2,192.80573553489472,8.668902423952064,246.47529699605138,P2
324,2,193.8073130918946,6.004073747867822,247.47687455305126,P2
326,2,193.85561583685933,4.203701357022551,247.525177298016,P1
329,1,194.17665725769308,6.043851500272132,247.84621871884974,P2
328,2,194.50533037121295,5.207839960089435,248.1748918323696,P1
325,6,194.72599378946376,7.1915155938631194,248.39555525062042,P1
327,1,195.18185784965902,3.6377740450787988,248.8514193108157,P1
330,1,195.52658855895984,7.8187189274677165,249.1961500201165,P3
331,1,195.5944435085236,6.08587381868184,249.26400496968026,P1
334,2,195.81376023354693,6.76472074514098,249.4833216947036,P2
336,2,195.8382450796092,6.32617791290831,249.50780654076587,P1
332,1,196.00734600834312,6.237228864755211,249.67690746949978,P1
333,5,196.38566120219176,7.004292881267143,250.05522266334842,BG
337,2,197.84207406980923,7.232730535971487,251.5116355309659,P1
335,1,198.1715158687819,5.215741257999078,251.84107732993857,P1
338,3,199.16772038063394,5.950168290192753,252.8372818417906,BG
339,2,199.21790614714297,7.225587552570224,252.88746760829963,P2
341,2,200.96271833002282,9.126137485479509,254.63227979117949,P1
340,1,201.6635939483204,6.541809377184035,255.33315540947706,P3
345,2,201.87554652746397,5.191219763214763,255.54510798862063,P1
343,1,202.2042977071469,5.932492907933726,255.87385916830357,P3
342,2,202.31529701841387,5.588306520045129,255.98485847957053,P1
344,2,203.31819338513347,7.3871788957487,256.98775484629016,P1
347,1,203.35218696002207,6.7541698057017845,257.0217484211787,P1
346,1,203.43136865105004,5.028398591387204,257.1009301122067,P1
348,1,204.04598198728803,6.531962102098898,257.7155434484447,P2
349,6,206.48732199569673,6.832468811342651,260.1568834568534,P1
350,1,207.46691637251058,4.939874208351034,261.13647783366724,P3
351,1,207.50068306387115,6.1466581063720485,261.1702445250278,P2
353,6,208.28648502263326,6.55869974764415,261.9560464837899,P1
354,1,208.2897847350427,7.754221667639309,261.95934619619936,P3
355,2,208.29996246931404,11.435793623957435,261.9695239304707,P2
352,1,209.78220584678363,3.570642327741458,263.45176730794026,P1
357,1,210.56035970406768,10.001501090476857,264.22992116522437,P2
356,5,212.29646471373385,5.037152532903587,265.96602617489054,BG
359,2,214.83852882974213,5.619397136350845,268.5080902908988,P1
358,6,215.28960925551584,4.296351318809638,268.9591707166725,P1
361,2,215.30718712490733,7.029981301315034,268.976748586064,P1
360,2,215.59891350152407,7.680846278869589,269.2684749626807,P1
362,1,216.31947060084076,7.526786134700696,269.9890320619974,P1
363,6,218.04323342999663,6.255101842415515,271.7127948911533,P2
365,1,218.59138368519464,5.320474140817518,272.26094514635133,P1
366,6,219.5813146246559,3.613023861471085,273.2508760858126,P2
364,6,219.6878856269937,4.704912623860055,273.35744708815037,P2
367,1,219.76787105840657,8.58400942242011,273.43743251956323,P1
370,2,221.5633532216714,8.968477203229908,275.2329146828281,P2
368,6,222.0714574181433,4.039989486258344,275.7410188793,P2
369,6,222.49207689027756,6.699213692223924,276.16163835143425,P2
371,1,224.4551328446513,6.575365700787055,278.12469430580796,P3
372,1,224.61208483161587,5.557243604370052,278.2816462927725,P1
375,1,226.63640827192103,5.932692014298473,280.3059697330777,P1
374,1,226.8254872504309,6.321366775273176,280.4950487115876,P1
376,2,226.87813745125843,8.252590924001298,280.54769891241506,P1
373,6,227.77124087080293,5.853853704409881,281.4408023319596,P1
379,2,228.33328075017354,6.705054236039888,282.0028422113302,P1
380,2,228.9594838329441,6.606828917820236,282.62904529410076,P1
377,6,229.33330689368077,6.477730371324341,283.00286835483746,P1
378,1,229.78657781036236,7.515693639018582,283.456139271519,P2
381,1,230.33882630132163,4.528091726014905,284.00838776247826,P1
383,2,230.38757339173145,7.829784902370522,284.0571348528881,P2
382,1,232.02934334958832,6.06853258680843,285.698904810745,P1
384,6,233.3142568592179,6.248797134292711,286.98381832037455,P1
386,2,233.4268696753945,5.230284531768928,287.09643113655113,P1
390,2,234.45864143109551,6.425189321090406,288.12820289225215,P1
387,1,234.47633030101323,6.422795351587397,288.14589176216987,P1
389,1,234.76254813445465,7.542205551620401,288.43210959561134,P1
385,1,236.0204824438993,6.1039266225438,289.690043905056,P1
391,6,236.12310083053288,5.91358587123495,289.79266229168957,P2
392,1,236.73736016442976,6.096040163759447,290.4069216255864,P1
393,2,236.9620300485546,6.581627120175336,290.63159150971126,P1
394,6,237.62584844558728,6.241964866537573,291.29540990674394,P1
395,2,237.9285135044384,7.05304418779721,291.59807496559506,P1
388,1,238.4162665173008,4.562669872682511,292.0858279784575,P1
396,2,238.57226583152962,7.777568329298061,292.24182729268625,P2
398,2,239.42703517257675,5.636805236059512,293.0965966337334,P1
397,2,239.62828417796146,6.927379050886647,293.2978456391181,P1
399,5,241.1346383341301,7.815951377991616,294.80419979528676,BG
400,1,241.88516145155592,5.121137156553397,295.5547229127126,P1
401,1,242.47700542401088,3.424394518942294,296.14656688516754,P1
402,1,242.66084693141394,7.746063577057413,296.3304083925706,P2
403,1,243.15505116420712,6.76207865076192,296.8246126253638,P3
406,1,244.43583346978036,7.784616952747712,298.105394930937,P1
404,1,244.8327228904822,8.952193568212364,298.5022843516389,P1
405,1,245.94566866060475,6.109598239722272,299.61523012176144,P1
408,2,246.0601214206509,6.957926356909593,299.72968288180755,P1
407,6,247.17282543279669,5.684646665412304,300.84238689395335,P1
410,2,247.26170578961208,7.908018871417001,300.93126725076877,P1
409,1,247.36328619481344,7.445484304531315,301.0328476559701,P1
412,1,250.70284308266037,6.04112821266958,304.372404543817,P1
414,6,251.35258409897696,6.116555467678057,305.0221455601336,P2
416,1,252.09367229990244,8.067106845909697,305.7632337610591,P2
413,1,252.24855665171395,5.2515143697475954,305.9181181128706,P1
417,2,253.7141629367803,7.714067585468934,307.38372439793693,P1
415,6,253.76983056993427,4.787597409657579,307.43939203109096,P1
411,1,254.48566003064872,3.6222968842731165,308.1552214918054,P1
418,1,256.17897231154683,7.385809521130767,309.8485337727035,P3
419,1,256.90859297072376,7.7981267781506745,310.5781544318804,P1
421,2,257.9625886549596,7.713918245279024,311.63215011611624,P2
422,5,258.74753393356417,6.082598718080311,312.41709539472083,BG
420,6,258.80489892720817,4.49363806776057,312.47446038836483,P1
426,1,259.9231073340256,6.525775076806747,313.59266879518225,P2
425,1,259.9599849196898,7.956653563343677,313.6295463808465,P3
423,1,261.17192968833893,3.9019115286357744,314.8414911494956,P2
424,6,261.9640218337423,4.421203406751498,315.633583294899,P2
427,1,262.11321281810484,6.037557386091086,315.7827742792615,P1
428,1,262.58231352626336,7.868943178586194,316.25187498742,P1
431,2,265.641043646974,9.10708297210445,319.3106051081307,P1
429,3,265.91169128645816,6.347389080417079,319.5812527476148,BG
430,1,267.89549592574724,5.554337351461379,321.5650573869039,P1
432,1,269.207515502444,10.241215105769513,322.87707696360064,P1
434,6,269.92440941104326,8.703597035074585,323.5939708721999,P2
433,6,270.29762069875716,5.033762949561651,323.9671821599138,P1
437,1,271.4440059931659,5.73613937603154,325.11356745432255,P1
436,1,271.8195753003862,5.028784715449047,325.48913676154285,P3
435,1,271.92268820704544,8.019544635417098,325.5922496682021,P2
438,1,271.92852368734293,7.193605783233463,325.5980851484996,P3
441,1,272.3050056815788,9.995600641160383,325.97456714273545,P2
439,1,273.55811378079494,6.1297473106022276,327.2276752419516,P1
444,2,275.5176779842294,9.486877842563603,329.18723944538607,P1
442,1,275.5259872382608,6.2470741169088075,329.1955486994175,P2
443,1,275.64146940393584,6.901402117764502,329.3110308650925,P1
440,1,276.3229030615633,3.9932557646662716,329.99246452271996,P3
448,2,279.5486718672277,6.661065121651816,333.2182333283844,P1
446,1,280.0934403853328,5.710781788135323,333.7630018464895,P2
452,1,281.05133733273175,7.738154662731409,334.7208987938884,P1
450,1,281.1768935300318,8.226917161875344,334.84645499118847,P2
447,6,281.4229620606248,4.502857539141194,335.09252352178146,P2
445,6,281.5076460588437,2.936733285149233,335.17720752000037,P1
449,1,281.59997766233244,4.68709949393246,335.2695391234891,P1
454,1,281.83392495859897,7.143100912419027,335.50348641975563,P3
451,1,282.110799980438,6.383668514288917,335.78036144159466,P1
453,1,282.38148017314,6.3916594550671855,336.05104163429667,P2
455,1,282.7681271462421,8.445789722995821,336.43768860739874,P1
456,1,284.1131839759876,7.384180446284054,337.7827454371443,P2
457,2,284.7192847095165,5.614618317468172,338.38884617067316,P2
458,2,286.4506047995418,5.9423842998188245,340.12016626069845,P1
459,6,287.3112132999921,6.368446659713708,340.9807747611488,P2
461,2,287.85897996569076,5.948610870427183,341.5285414268474,P1
460,6,289.4288500506045,3.9378614480998664,343.0984115117612,P1
465,2,289.43680807736297,6.892969511671444,343.10636953851963,P1
464,2,289.652435574214,8.214332608983083,343.32199703537066,P2
462,1,289.91445726966583,6.375254629824427,343.5840187308225,P1
463,6,290.7528054095765,5.231041192384445,344.4223668707332,P2
467,1,291.2661674632807,9.79745662676821,344.93572892443734,P1
468,6,291.58699822352963,5.77079644963569,345.2565596846863,P1
466,5,291.6729841526477,6.596683045186046,345.34254561380436,BG
469,2,292.10591554735504,5.674577311235784,345.7754770085117,P2
470,2,293.25314040789215,5.692850576578937,346.9227018690488,P1
471,2,294.5540343662809,5.990978360324965,348.2235958274376,P1
472,2,295.00079684425316,5.573107485913447,348.6703583054098,P1
474,2,295.36645063982075,8.235874852201153,349.0360121009774,P1
479,1,295.60754227977924,6.559381709657434,349.2771037409359,P3
476,1,295.82956480241853,8.075500339974838,349.4991262635752,P2
473,2,296.48362866118885,5.7456397104841495,350.1531901223455,P2
478,1,296.8319015567941,6.37817991433011,350.50146301795075,P1
475,6,297.25213110884533,4.206117438933055,350.921692570002,P1
483,2,297.7107103431597,7.29052709528828,351.38027180431635,P1
480,2,297.9092581608228,5.628145126058735,351.57881962197945,P1
477,2,298.07500602428536,6.719076273206738,351.744567485442,P1
481,2,298.52457623723535,5.426396000965336,352.194137698392,P2
484,6,299.4543327352421,4.185336753354797,353.12389419639874,P1
485,1,299.55076637627565,9.356344188607924,353.2203278374323,P3
482,1,300.14562368500765,3.5532016145428584,353.8151851461643,P2
487,1,300.16287341296163,6.685485825474417,353.8324348741183,P1
488,2,300.2775893233425,5.098041181143221,353.9471507844992,P1
486,1,300.27950008409556,4.885115078332832,353.9490615452522,P1
489,2,301.299449013589,4.490480951229891,354.9690104747457,P1
491,6,301.41549252834704,7.751511520411594,355.0850539895037,P1
494,1,302.7382030693895,5.458876203117293,356.40776453054616,P2
490,6,302.98326796454603,5.541712109052292,356.6528294257027,P1
492,6,303.02692375375113,5.5993013459328,356.6964852149078,P2
496,2,303.4753000560792,4.888972713157208,357.1448615172359,P1
493,2,303.6056682182008,5.670005902452369,357.27522967935744,P2
495,2,304.89845936247906,5.260663322584157,358.5680208236357,P2
498,2,305.0728486471788,4.766638596467653,358.74241010833543,P1
501,1,305.48155882885595,7.017684954487389,359.1511202900126,P2
499,1,305.5610152631524,8.117731063877974,359.23057672430906,P2
497,1,305.6186015044302,4.39573026961505,359.2881629655869,P1
500,1,305.92323157770517,3.8710555428897195,359.5927930388618,P1
504,1,306.0093670495113,6.184008340464221,359.67892851066796,P3
502,6,306.29713930671437,8.05352220340197,359.96670076787103,P1
505,2,306.84094924589414,4.252985099280644,360.5105107070508,P2
506,1,307.4516696671633,5.157615392270822,361.12123112831995,P2
509,2,309.44381833151743,8.298176911606722,363.1133797926741,P1
508,1,309.8194298419913,3.600500671550432,363.48899130314794,P1
507,1,310.6193271232112,4.871001745169386,364.28888858436784,P2
512,2,310.8617959391389,7.005643554799837,364.5313574002956,P1
503,6,311.1803275610324,2.442901843135564,364.8498890221891,P1
511,1,311.604460257999,4.651816540876356,365.27402171915566,P1
514,1,311.79786398156165,7.071207984355005,365.4674254427183,P1
510,1,312.0011336485089,5.021091144930237,365.6706951096656,P1
515,2,312.0806233307792,8.640952267144774,365.75018479193585,P2
513,1,312.78563682279525,5.954415268069822,366.4551982839519,P1
517,1,313.1081563830792,8.84277310981415,366.77771784423584,P2
516,1,313.886623001609,6.246351950423896,367.55618446276566,P1
518,1,315.1522100854506,7.501250452574478,368.82177154660724,P1
519,2,315.6455550501296,6.124526392626269,369.31511651128625,P1
520,1,315.75326558158224,9.279072035851689,369.4228270427389,P2
521,6,318.19173784026015,4.875620578082783,371.8612993014168,P2
522,2,318.2520918254362,7.970764685417567,371.92165328659286,P1
523,1,320.7403878994604,6.321696473879901,374.4099493606171,P2
524,2,322.4806712405315,7.2245291136576695,376.15023270168814,P2
525,1,323.459281205549,6.41670737572041,377.1288426667057,P1
526,1,323.5108938175681,8.06834010634149,377.18045527872476,P3
530,1,324.5105929553211,5.1820375177076015,378.18015441647776,P2
529,1,325.12399544563254,7.823503871132372,378.7935569067892,P2
531,2,325.2088733945049,8.810261300546054,378.87843485566157,P1
527,1,325.6437243530899,7.144328255984031,379.31328581424657,P2
528,1,326.18178897427134,7.2763799488342,379.851350435428,P2
532,2,326.6109998074788,9.367620141814172,380.28056126863544,P2
533,2,326.7577273402877,7.17354086772465,380.4272888014444,P1
534,1,327.8145478268754,7.351394143547663,381.4841092880321,P1
535,1,328.6888975418988,6.529996427783081,382.3584590030555,P2
536,3,329.6417995649067,6.380219784363673,383.31136102606337,BG
539,1,330.0381554425593,7.840564424715939,383.70771690371595,P3
537,6,330.3889828301318,4.3542243218083625,384.05854429128846,P1
540,2,331.32078913069887,5.608042792826401,384.99035059185553,P2
538,1,331.4165564297794,5.48616730958122,385.08611789093607,P3
545,1,332.13757412605236,6.285010926736079,385.807135587209,P1
543,2,332.3902114575792,5.405942097395648,386.05977291873586,P1
541,1,332.78323000570344,4.624022136201438,386.4527914668601,P1
544,1,333.28627504839926,8.222848759962945,386.9558365095559,P1
542,1,333.4775912299562,4.67239493150192,387.14715269111286,P1
546,2,333.5712409010338,4.8378503219738285,387.24080236219044,P1
548,3,338.2399411730108,7.344204447368865,391.90950263416744,BG
549,3,339.2267139118617,5.382523093100657,392.89627537301834,BG
550,2,339.6319131915891,8.057568726575274,393.30147465274575,P1
547,6,340.30569415810896,4.472472568851224,393.9752556192656,P1
553,2,340.58266774317565,8.118059292144006,394.2522292043323,P2
551,1,340.65789160458127,4.235929542209974,394.3274530657379,P1
552,1,341.0338102112222,7.5853465800965125,394.70337167237886,P1
554,6,341.81059379780646,5.972006112683516,395.4801552589631,P1
555,6,343.1693029725674,6.973325498656954,396.83886443372404,P1
556,3,344.2713333660843,3.9860458612362386,397.940894827241,BG
557,1,344.3479043870171,7.841126794752789,398.01746584817374,P1
559,2,344.6831621847592,5.159874913583934,398.3527236459159,P2
558,1,344.76135927674716,7.817473142416926,398.4309207379038,P1
560,1,345.4158474417199,4.891185477084797,399.08540890287657,P1
563,1,346.23768404919207,9.51352159715686,399.90724551034873,P2
561,1,347.23570206607434,5.207438763042736,400.905263527231,P1
564,6,347.5964501099838,6.102781824734071,401.26601157114044,P2
566,2,347.6524714831857,5.986785046356748,401.32203294434237,P2
565,2,347.86357599979186,7.220015854115332,401.5331374609485,P1
567,1,348.7535764697489,5.082958999013629,402.42313793090557,P1
562,1,348.86970557319773,4.9791809454542495,402.5392670343544,P2
568,3,349.52251136812305,6.223012146161022,403.1920728292797,BG
571,1,351.27685080752553,6.619566410886482,404.9464122686822,P2
570,1,351.63017073029016,5.9461164685208425,405.2997321914468,P2
569,6,352.10474543047235,5.556728265341182,405.774306891629,P1
572,1,352.5812914110071,5.9399255927912336,406.25085287216376,P1
573,1,353.1029484659033,11.901844769161924,406.77250992705996,P1
575,1,354.1399818513807,4.77549633600637,407.80954331253736,P3
574,1,354.1579647396469,5.214101669459341,407.82752620080356,P1
577,1,354.6862862268011,8.855951459543881,408.35584768795775,P1
576,2,354.7157374460063,6.741403433075332,408.38529890716296,P2
578,1,356.80428646586415,4.906756607757805,410.4738479270208,P1
579,3,357.7260996637509,7.046871745689349,411.3956611249076,BG
580,2,359.1477082706861,6.341622659894005,412.81726973184277,P1
586,1,360.469820489474,7.96404271797908,414.13938195063065,P3
581,3,360.5203446929471,7.092843155824785,414.18990615410377,BG
582,1,360.6820943793082,8.361850160198708,414.35165584046484,P1
583,1,360.76037167312967,10.283333251557446,414.42993313428633,P1
584,1,361.1996388075338,6.356074126820178,414.86920026869046,P3
585,1,361.59729682916276,8.698748843514911,415.2668582903194,P2
591,1,362.8267052968912,5.815883538560357,416.49626675804785,P2
587,6,362.8644318148201,7.034988985028967,416.53399327597674,P1
590,6,363.6263686519855,7.90760153534105,417.29593011314216,P1
592,2,363.9452262281888,7.168362226941028,417.61478768934546,P1
593,2,364.34277136541385,7.016032787830695,418.0123328265705,P1
596,2,365.22815575115277,6.864064932941377,418.89771721230943,P2
588,6,365.7829993170523,5.2049656137285085,419.452560778209,P2
589,6,365.78648077832446,5.129616201148685,419.4560422394811,P1
595,1,365.8482113617404,9.556595741358878,419.5177728228971,P2
598,1,366.5648909865289,8.221567745199389,420.23445244768556,P1
594,6,366.71624458191036,4.655884180388679,420.385806043067,P2
601,1,366.7714463833698,5.1877635255883,420.44100784452644,P3
606,1,366.87503611971727,6.023218117425823,420.5445975808739,P2
600,1,367.03613340918014,9.630080435896643,420.7056948703368,P3
602,1,367.0858742638839,7.345713945282003,420.75543572504057,P1
597,1,367.9117928858135,5.955610551315509,421.58135434697016,P3
599,2,368.0161152214857,4.62389682374829,421.68567668264234,P2
607,1,368.28690453130895,8.340372577459176,421.9564659924656,P3
603,1,368.76178800432234,6.289208703120255,422.431349465479,P2
604,6,368.8952286996255,3.849523059869953,422.56479016078214,P2
605,2,369.1600751255081,5.561544219575074,422.8296365866648,P1
609,2,370.25384652612865,4.993026589369366,423.9234079872853,P1
608,6,371.58181205404344,5.32972269632684,425.2513735152001,P2
612,2,372.5520560133097,6.379937660869868,426.22161747446637,P2
610,1,372.74419693563704,4.94933412911943,426.4137583967937,P2
614,3,373.356637612303,5.684605401393263,427.0261990734597,BG
613,6,374.2499633525066,4.4772052951784245,427.91952481366326,P1
611,6,375.23930699756494,5.0395150236067465,428.9088684587216,P1
615,1,375.73209113994375,5.359269763574453,429.4016526011004,P3
616,1,376.0573587130581,4.40360657512301,429.72692017421474,P2
617,1,384.8810510445175,6.640037802077387,438.55061250567417,P3
619,1,387.96753334553836,4.559891232382355,441.637094806695,P1
618,6,388.84663255030756,5.393857004971739,442.5161940114642,P1
621,1,389.07216775446255,7.2467431626494205,442.7417292156192,P2
620,1,389.72093943900217,5.195246364485148,443.3905009001588,P2
625,2,389.95479194599267,8.978976141318245,443.62435340714933,P1
624,1,390.5436145083848,5.931056220800083,444.21317596954145,P3
622,1,390.6470941469106,7.138888120894417,444.31665560806726,P2
623,1,390.7637938127471,5.919394510004689,444.43335527390377,P2
627,2,391.4765562955788,10.015179568825518,445.14611775673546,P2
628,1,392.59436017412276,10.599736148390544,446.2639216352794,P1
626,1,392.93130228891465,6.556559099081247,446.6008637500713,P3
630,1,397.59230753437663,9.283330300275393,451.2618689955333,P2
629,3,398.2109391541514,6.669044168102615,451.88050061530805,BG
631,1,398.2482286554008,8.769557701836034,451.91779011655746,P2
633,1,398.57684251676534,9.250851986109446,452.246403977922,P2
632,2,400.127647207578,6.3753047461437555,453.79720866873464,P2
636,1,402.18850891548266,7.381110992866478,455.8580703766393,P1
637,1,402.87986786751713,5.536677796415125,456.5494293286738,P2
634,6,402.93122968447585,6.746762735369623,456.6007911456325,P2
635,6,404.24688717308345,5.339467846349915,457.9164486342401,P1
638,5,404.8493663838876,7.119719914089188,458.5189278450443,BG
642,1,405.1991641700761,5.925005733436997,458.86872563123273,P2
639,1,405.4828751427443,5.051287365403381,459.152436603901,P1
640,6,405.8854970457561,8.292512697275132,459.55505850691276,P2
641,2,406.4625463783115,5.017151902160957,460.1321078394682,P2
643,1,406.5592402403807,5.659611655554083,460.22880170153735,P2
644,1,406.9527292597549,5.084498451497141,460.62229072091156,P1
645,6,408.1197421673251,5.937524899276355,461.7893036284818,P1
646,2,408.79068955248107,6.9295549547659965,462.46025101363773,P1
648,6,409.919861617775,7.457383632829082,463.58942307893165,P2
647,6,410.25863896404945,3.5051864725219244,463.9282004252061,P2
650,1,410.3688786248747,8.666456056089338,464.03844008603136,P1
649,1,410.6210925272972,5.755091804570701,464.29065398845387,P1
651,2,411.74522425399397,5.079120118042418,465.41478571515063,P1
652,2,412.05009609498705,7.867708265887493,465.7196575561437,P2
658,1,413.1746825014322,7.720235723109189,466.84424396258885,P1
653,6,413.36496383590566,6.339870396373291,467.0345252970623,P2
656,1,413.4748265159544,6.552593960343061,467.1443879771111,P1
657,1,413.9588737514904,6.4677771855319195,467.62843521264705,P1
654,1,414.3640433124641,5.404102797386339,468.03360477362077,P1
660,2,415.0898959088622,4.808054502800941,468.7594573700189,P1
661,1,415.20375599337535,5.691505497927526,468.873317454532,P1
655,1,415.3258128630062,6.777710592249517,468.99537432416287,P1
659,1,415.8251639901906,5.784920433811679,469.4947254513473,P2
662,1,416.1413377604359,7.0381388058095995,469.81089922159254,P2
664,1,416.9640403907301,9.732508943614441,470.63360185188674,P3
663,2,417.2710337475127,7.119969766771122,470.9405952086694,P1
666,1,418.5558764500746,6.625695663159774,472.22543791123127,P2
665,1,418.6350585882412,7.554351087000062,472.30462004939784,P1
667,2,418.63821587503764,8.023700563016765,472.3077773361943,P1
668,2,419.534025400976,6.088536950609595,473.2035868621327,P1
670,2,420.46966192996103,6.66032710291398,474.1392233911177,P2
669,1,421.2831496309506,7.3884965132611455,474.9527110921073,P1
672,2,421.5734076329552,6.613624562103155,475.24296909411186,P2
671,1,421.872850897666,7.381642693658124,475.5424123588227,P2
673,1,422.1675781215423,7.009585427080432,475.83713958269897,P2
674,1,423.24819815786867,7.800561995196977,476.91775961902533,P1
678,2,424.106890526081,8.440282788983954,477.77645198723764,P1
676,1,424.19379083352936,7.242691765281356,477.863352294686,P3
681,2,424.67849607176265,7.09815986177976,478.3480575329193,P1
677,1,425.11215709100816,6.595073350275004,478.7817185521648,P1
679,1,425.2647370596456,8.668984774991,478.93429852080226,P1
683,1,425.4880016134673,5.061457996715007,479.15756307462397,P3
682,3,426.49951211813135,5.192461753735084,480.169073579288,BG
675,4,426.83711094498955,5.268102920293998,480.5066724061462,BG
684,2,427.94936232859385,3.9994063186153683,481.6189237897505,P1
680,1,428.2693898049314,4.373226016486374,481.93895126608805,P1
685,6,428.79164783133706,5.112636257653735,482.4612092924937,P1
686,3,429.9129513334684,4.933714486376339,483.5825127946251,BG
688,1,430.68032073740636,4.98337948161276,484.349882198563,P2
689,1,430.8499839075075,8.030831084313155,484.5195453686642,P3
687,1,431.84135415476055,3.8247386247745148,485.5109156159172,P1
698,1,431.96146955086834,8.413143618613496,485.631031012025,P1
693,1,432.380159703645,5.476657445313781,486.04972116480167,P3
692,2,432.7274916231676,10.5892078857573,486.3970530843243,P2
691,6,432.75645693484705,3.895612506425207,486.4260183960037,P2
690,2,433.5,8.705181791677685,487.16956146115666,P2
694,6,433.58234894487737,3.649946966550037,487.251910406034,P1
695,1,433.6957582485904,5.980195553220757,487.36531970974704,P1
697,2,434.0069057483023,5.349087996087354,487.67646720945896,P1
696,1,434.1696674966367,4.729663341827679,487.83922895779335,P1
703,1,434.5621730733322,4.154910160344231,488.23173453448885,P1
702,1,434.91561092459625,6.450008792509253,488.5851723857529,P1
700,1,434.9771494376888,6.715791985652271,488.64671089884547,P3
699,2,435.02703705434203,3.6140804393419446,488.6965985154987,P1
701,6,435.85389041700216,6.139826964493949,489.5234518781588,P1
704,3,436.2739806959267,5.884213153998732,489.94354215708336,BG
705,1,436.31973634641037,5.560601254173806,489.989297807567,P3
706,2,437.05385700050897,4.939110118417741,490.72341846166563,P1
707,1,438.08056018051735,4.146678262968782,491.750121641674,P3
710,1,438.14577222663087,2.965993745280066,491.81533368778753,P1
708,2,438.8421887941727,4.756827985538523,492.5117502553294,P1
713,2,439.41905192528105,5.51086870711392,493.0886133864377,P1
709,2,439.5619614724835,6.359053046920527,493.2315229336402,P1
715,2,440.2130192519186,6.682837651698509,493.88258071307524,P1
714,2,440.61205483887994,4.854485990598423,494.2816163000366,P1
712,1,440.74587338708835,3.4474523449381222,494.415434848245,P1
711,6,441.28606638623586,2.9676449022029487,494.9556278473925,P1
716,2,441.335923864529,5.383438409573577,495.00548532568564,P1
718,5,441.612202400373,4.882488075517896,495.28176386152967,BG
717,6,442.5343511764611,2.462588812909726,496.20391263761775,P2
721,2,442.5808862962145,5.257768021691778,496.25044775737115,P2
720,1,442.6697033638282,5.280933076295193,496.33926482498487,P1
724,2,442.8361909190346,5.014649594434157,496.50575238019127,P1
723,1,443.1783470567099,6.362959227173247,496.8479085178666,P2
719,1,443.3849644082419,6.344839118174932,497.05452586939856,P1
725,2,443.696659805582,4.541911767935999,497.36622126673865,P1
722,1,444.0210132395693,6.448719830913109,497.69057470072596,P1
726,1,444.5477268796652,6.613829920302348,498.2172883408219,P3
732,1,444.83311701200125,6.774297549027109,498.5026784731579,P3
729,6,444.890440963641,6.522588013654108,498.5600024247977,P2
728,2,444.973712188119,6.933061811916419,498.64327364927567,P1
727,1,445.5955445091602,5.5812731910240965,499.2651059703169,P1
733,1,445.76794659473495,8.557252616598046,499.4375080558916,P1
730,2,445.8994236640297,5.487530649659143,499.5689851251864,P1
731,1,446.3755464333523,5.63819406156109,500.045107894509,P1
734,6,446.51798060774564,5.859282576620412,500.1875420689023,P2
738,2,447.13583317979936,6.810107802611517,500.805394640956,P1
736,1,447.15929525254876,6.210627987608395,500.8288567137054,P2
737,2,447.23424316791414,4.8109722161295405,500.9038046290708,P1
735,1,447.5313568025645,6.672090042628989,501.2009182637212,P2
741,1,447.5477778970394,7.064668094784764,501.21733935819606,P3
742,1,448.24757497335133,5.332743278623067,501.917136434508,P2
744,2,448.2664609884176,7.913359133000005,501.93602244957424,P1
739,1,448.3115180775572,5.351388318309871,501.98107953871386,P1
746,2,449.0895463239778,6.6887056279983135,502.75910778513446,P2
743,1,449.37922674151014,4.715209876398648,503.0487882026668,P2
747,1,450.18038504399027,6.494349696849713,503.84994650514693,P2
740,1,450.28336814668745,4.2820279421757785,503.9529296078441,P1
745,1,450.47865788251215,6.9006090383833785,504.1482193436688,P1
748,3,451.1244566983416,5.251622861525255,504.79401815949825,BG
749,2,452.32919314479284,6.840490116404721,505.9987546059495,P2
751,6,454.23091569706924,5.773271564839399,507.9004771582259,P2
752,2,454.7911009469339,6.280015530817388,508.46066240809057,P2
755,1,455.8936919635513,5.680721022778689,509.56325342470797,P2
750,6,455.89765956599103,2.3080528253625117,509.5672210271477,P2
754,2,456.0513538246499,7.107159625725019,509.72091528580654,P1
756,2,456.92841054887356,5.0456016840516416,510.5979720100302,P1
753,2,457.0684587263266,4.758273865870642,510.73802018748324,P1
759,1,457.4133228602277,6.380309475869593,511.08288432138437,P1
760,1,457.77427175791496,4.405068079251365,511.4438332190716,P2
757,1,457.93881034682164,3.7513555079574807,511.6083718079783,P2
758,2,458.3111764451901,5.941836856656444,511.98073790634675,P2
762,1,458.65720674967434,5.518230707801045,512.326768210831,P1
766,2,458.9931364767454,5.203037990793931,512.6626979379021,P2
765,1,459.1810723627094,4.159122592925531,512.850633823866,P1
761,6,459.56441252330154,4.6145434157241425,513.2339739844582,P1
764,6,459.6468186423826,5.989306751031427,513.3163801035392,P1
763,1,459.7246814677137,5.6952480840055175,513.3942429288704,P1
770,1,459.80612662525743,10.160555805501208,513.475688086414,P1
767,1,460.3412497077304,6.91467847934299,514.0108111688871,P1
769,1,461.7420139025291,5.583682700414907,515.4115753636858,P3
772,1,461.7751715574697,5.831492720982233,515.4447330186264,P3
771,2,461.91146200795146,4.148903261240601,515.5810234691081,P2
768,1,461.931440987413,5.415413117178676,515.6010024485697,P1
773,2,462.4665409203071,4.8936439198494,516.1361023814638,P1
774,1,464.4150515075703,5.57807475271054,518.084612968727,P1
775,6,464.506824446026,7.358235573681327,518.1763859071826,P2
779,1,465.244320034289,11.141149167976726,518.9138814954456,P3
776,5,465.29441466362204,5.5260640579867495,518.9639761247787,BG
777,1,465.9463609792387,5.9705539636304,519.6159224403954,P1
778,1,466.0383557285385,8.363702259775518,519.7079171896951,P1
780,2,466.9122187076525,5.776479007848301,520.5817801688092,P1
781,1,467.8877749409431,5.40240062858127,521.5573364020997,P3
785,2,469.00237979841836,8.587107694144839,522.6719412595751,P1
783,2,469.59068108907957,6.481779869840202,523.2602425502362,P1
782,1,470.3271256065461,5.892272109173357,523.9966870677027,P1
784,2,470.3517460773443,7.058872467366621,524.0213075385009,P1
787,1,470.92082887986953,4.859729731919221,524.5903903410263,P2
786,1,472.1149399748924,6.440925836517902,525.7845014360491,P1
788,2,472.571914468151,5.538661460885833,526.2414759293076,P2
790,6,473.4463535472696,5.800697785110899,527.1159150084263,P1
789,6,474.56149518773435,4.360187961646318,528.231056648891,P1
793,1,475.0617639667107,9.888726482774976,528.7313254278674,P2
791,6,475.79532058588825,5.535517781142115,529.464882047045,P1
792,1,476.6725660275131,4.770320885113541,530.3421274886698,P1
794,1,480.83733279558385,4.345213981616308,534.5068942567405,P1
795,1,482.36053017364384,5.302886285540204,536.0300916348006,P1
797,1,486.2367754972206,9.582152652889471,539.9063369583773,P2
796,6,487.7500353951514,5.2925182330588365,541.4195968563081,P1
798,1,488.5830958446404,7.601245655780458,542.2526573057971,P1
800,1,488.9068059276155,7.604223164600549,542.5763673887722,P1
801,1,489.60408580741097,6.753675498186278,543.2736472685676,P3
799,5,489.926309108839,5.8210829012278165,543.5958705699957,BG
804,2,491.7038288279912,5.917521213138028,545.3733902891479,P2
802,6,492.0733313881445,6.975730222398332,545.7428928493011,P2
806,1,492.80906337271534,10.123505083589372,546.478624833872,P2
803,1,492.9018356724959,5.226674993872904,546.5713971336526,P3
805,1,493.14806502088516,5.68013274800451,546.8176264820418,P3
809,3,493.86750280483807,5.333544686238018,547.5370642659948,BG
807,1,494.08553452658583,8.880108361525654,547.7550959877425,P3
808,1,494.2928476743794,7.334633126597235,547.9624091355361,P2
812,1,494.30968117263694,9.044080705027877,547.9792426337935,P1
810,1,494.92898763375337,7.199033693737743,548.59854909491,P1
811,1,495.45683656125124,9.033564996689929,549.1263980224079,P1
813,1,495.79335645915154,6.625266392536998,549.4629179203082,P1
815,2,496.2160310272892,8.255465072371852,549.8855924884458,P2
814,1,497.6041283378107,5.295596451490584,551.2736897989673,P1
816,1,498.04818036516434,4.55295783589561,551.717741826321,P1
818,2,498.18150402602913,6.354525453403173,551.8510654871858,P1
817,1,498.84130379203185,5.538414812884496,552.5108652531885,P1
819,6,499.56270431383945,6.464022285191182,553.2322657749961,P1
820,2,499.712897365807,6.96116376766954,553.3824588269637,P1
821,6,500.2003764826417,4.276399781975549,553.8699379437983,P2
822,5,502.3243477105386,7.280269611548843,555.9939091716952,BG
823,1,504.4645414498032,6.458878820330307,558.1341029109599,P1
824,1,505.0736385007887,6.8996143358787245,558.7431999619454,P1
826,1,507.1359477084411,6.355324200690825,560.8055091695978,P2
827,2,507.3561943632277,6.574899710129673,561.0257558243843,P1
828,1,507.59861358467276,7.436332331815151,561.2681750458294,P1
825,6,508.14128622380014,6.870333532878816,561.8108476849568,P1
829,1,508.3736530838117,5.880793110055482,562.0432145449684,P1
830,1,508.6783349261674,6.170668852436749,562.347896387324,P1
834,1,509.12648820515324,7.641407723869321,562.79604966631,P2
832,2,509.15086730098136,7.7062112925074455,562.820428762138,P1
831,1,509.1898964499624,9.919403436213518,562.8594579111191,P2
833,6,511.0975613006577,4.067342906882404,564.7671227618143,P1
836,6,514.941735529111,5.568549409843407,568.6112969902676,P2
837,2,515.0416904836976,6.703231143301281,568.7112519448542,P1
835,3,515.2310127836398,5.701234878505213,568.9005742447964,BG
838,2,516.563171624756,6.345021238759479,570.2327330859127,P1
839,5,516.8954086091395,7.046018998927562,570.5649700702961,BG
840,6,518.997347267347,4.6007289831948155,572.6669087285037,P1
842,1,520.4479924361652,5.775039920321115,574.117553897322,P2
841,2,520.4611792805703,7.389803461344843,574.130740741727,P1
844,1,520.6838375207228,5.409468149745467,574.3533989818795,P3
846,2,521.9299025794127,6.303901159579928,575.5994640405694,P2
849,1,522.0937289902366,9.273563754915214,575.7632904513933,P2
845,6,522.1394538837535,5.091020315818353,575.8090153449102,P2
848,2,522.6707508817177,5.7222269531873815,576.3403123428744,P2
851,1,522.7172173067911,4.811639951672088,576.3867787679478,P2
843,6,523.0742890458513,3.1052928783982483,576.743850507008,P2
847,1,523.5694004000402,7.21947298785956,577.2389618611969,P2
850,1,523.9198359911727,6.7121501350934505,577.5893974523294,P2
853,2,524.0708567887158,7.133958205211058,577.7404182498725,P1
852,2,524.8841951754948,4.217188562931462,578.5537566366515,P1
854,2,525.5098964805634,8.867985241233706,579.1794579417201,P1
855,1,525.5563564315617,7.429877735107837,579.2259178927184,P1
857,1,525.9941218700634,8.408166694642201,579.6636833312201,P3
860,2,526.6754600782446,6.004613363539206,580.3450215394013,P1
858,6,527.1268907051108,6.530748755711838,580.7964521662675,P1
861,1,527.3816659366992,5.047134026523061,581.0512273978559,P3
859,1,527.6113046325903,4.497832279175837,581.280866093747,P3
856,1,527.653399296762,4.2234353828583515,581.3229607579187,P3
864,1,528.3061194082748,7.137325159926298,581.9756808694315,P2
865,2,528.3752052704216,5.716802185757006,582.0447667315783,P1
867,2,528.9450421169304,6.496828676028146,582.6146035780871,P1
863,6,529.1790698127447,4.2842103610930895,582.8486312739014,P2
866,1,529.7092046249747,4.928597217684933,583.3787660861315,P2
868,6,530.3021741702822,4.373450688552537,583.971735631439,P2
870,2,530.8061764856741,5.792998809473455,584.4757379468308,P1
869,1,531.1240332440253,7.159560917734597,584.793594705182,P1
873,1,531.2326920729085,8.242436631001034,584.9022535340653,P1
872,6,532.1690754293521,7.063108869452779,585.8386368905088,P1
862,1,532.223127015027,3.599458105970076,585.8926884761837,P1
877,1,532.438959591369,6.969661137012252,586.1085210525257,P1
879,1,532.514326899599,6.2462813597072655,586.1838883607558,P2
871,1,532.5543346890149,5.926535446878842,586.2238961501716,P2
875,1,532.5812845471334,7.830217652212352,586.2508460082901,P2
882,1,532.6536807274582,5.544118999396855,586.3232421886149,P2
874,1,532.6896547880813,6.023156358599053,586.359216249238,P1
881,2,532.8335305003042,6.998529047954356,586.5030919614609,P1
876,6,533.528172657074,5.353270309798682,587.1977341182308,P1
880,6,533.8441668227954,4.750195161323542,587.5137282839521,P2
883,2,534.203719145956,6.51941271679908,587.8732806071127,P1
878,6,535.189582212249,4.163216710096337,588.8591436734057,P1
884,6,535.5065426395385,5.065065938377781,589.1761041006952,P1
885,1,535.6285650689566,5.087989865069045,589.2981265301133,P1
886,1,536.4942322226542,5.734801154578216,590.1637936838109,P1
887,3,536.8084898933562,6.323670049286969,590.4780513545129,BG
888,1,537.2671085426381,4.606361691893685,590.9366700037948,P2
889,1,537.7631665227383,6.4434998089068385,591.432727983895,P1
890,1,537.8849507765137,5.73303804838722,591.5545122376705,P1
891,2,538.9438021635051,3.8039316429958623,592.6133636246618,P2
892,2,539.5809651848701,5.593048894136223,593.2505266460269,P1
893,2,540.0034241980939,4.777988587773926,593.6729856592506,P1
895,1,540.7602527336402,6.5976571732854605,594.4298141947969,P1
897,1,540.9833030119905,6.830517740093983,594.6528644731472,P1
896,1,541.5108034194686,4.329770816540286,595.1803648806253,P2
894,2,541.6734061907337,4.649549640069301,595.3429676518904,P2
898,1,542.0589044571566,5.947233852931074,595.7284659183133,P1
900,2,542.0644954318749,8.458802649216938,595.7340568930316,P2
899,2,543.0131304366597,4.954345684570823,596.6826918978164,P1
901,1,543.2165075509466,6.029132331412779,596.8860690121033,P3
902,1,544.4768166881221,6.175231631808905,598.1463781492788,P3
903,6,545.5768829055763,3.636500688470458,599.246444366733,P1
904,1,545.5957675306171,8.577615643092415,599.2653289917738,P1
905,1,545.6952932944299,6.305527035978478,599.3648547555866,P1
906,1,546.3166822973313,4.4463633143142305,599.9862437584881,P3
907,1,546.4345361660003,5.6462699689032005,600.104097627157,P2
910,1,546.6588395434821,5.880554639553537,600.3284010046389,P2
908,1,547.1998305576385,5.643223494498671,600.8693920187952,P3
914,2,549.3361478911265,6.900551476355371,603.0057093522832,P1
913,1,549.4641806563994,4.407189590280631,603.1337421175562,P2
909,6,549.9812902470561,5.492151716916869,603.6508517082128,P2
911,6,550.5758465080121,3.8078102670103426,604.2454079691688,P2
916,1,550.973562018203,6.45591766488686,604.6431234793597,P2
917,1,551.5046727530499,8.323018970389475,605.1742342142066,P1
915,1,551.5603493466139,5.078118991570545,605.2299108077706,P1
912,6,551.9490165939568,5.699103593267873,605.6185780551135,P1
919,1,552.3737331047464,8.367370327540243,606.0432945659031,P2
918,2,552.6670056265285,6.336935933064479,606.3365670876852,P1
922,1,554.4585018372143,8.558832783804613,608.128063298371,P3
921,6,554.7518819689525,6.271854247340686,608.4214434301092,P1
924,1,554.9135614380843,8.69002653447997,608.5831228992411,P1
923,1,555.0273417462411,7.529334201828374,608.6969032073978,P1
927,2,555.3063963635952,8.520179503635564,608.975957824752,P2
920,1,555.328174991546,5.516245184178507,608.9977364527027,P2
926,2,556.2433476233155,6.298680873821403,609.9129090844722,P1
925,1,556.5764999474869,6.291535111172616,610.2460614086436,P1
931,1,556.6682380237206,9.970263668756731,610.3377994848773,P1
932,1,557.0695112612914,10.360462148565775,610.7390727224481,P2
930,1,557.8337544759312,5.540087641264397,611.5033159370879,P2
929,1,557.8463521594201,6.805062877648142,611.5159136205768,P1
933,2,558.1569962886017,8.734172022187778,611.8265577497584,P2
928,1,558.1875095261745,7.0658778161641544,611.8570709873312,P2
936,2,558.2085016056295,5.6115346016748076,611.8780630667862,P2
934,1,558.3657717294583,5.660203598261107,612.035333190615,P1
935,1,559.0188636046435,7.878594192361059,612.6884250658002,P2
938,1,560.0707831885394,7.959390737520047,613.7403446496961,P1
939,2,560.0813931392518,6.826629560591918,613.7509546004085,P1
940,1,560.1927477184615,7.1056516017155875,613.8623091796183,P1
937,1,560.8655180222003,3.966273729159978,614.535079483357,P1
942,6,561.2342127151904,6.099662560556686,614.9037741763472,P1
941,2,561.2750504442047,7.175256516128651,614.9446119053614,P1
946,2,562.1784487931943,6.4496655219760815,615.848010254351,P1
947,2,562.245726336631,6.037608187330676,615.9152877977878,P1
943,1,563.1140284716695,4.155029881791513,616.7835899328262,P2
944,1,563.4230061946342,7.094249818354677,617.092567655791,P2
945,1,563.492458047919,6.044936328210328,617.1620195090757,P3
948,1,563.5345961847831,5.335040534966823,617.2041576459399,P1
949,1,564.0890252237496,5.644264129043376,617.7585866849063,P1
951,1,564.2192033375156,6.161250001512825,617.8887647986724,P1
953,1,565.0276008412728,7.595102383831115,618.6971623024295,P1
954,2,565.3574929455336,6.8041009140752555,619.0270544066904,P1
950,1,565.4975937014134,6.034165573109071,619.1671551625701,P1
958,1,566.5752016973915,6.912974393788451,620.2447631585483,P3
957,1,566.9073706330636,6.273879240730001,620.5769320942203,P1
956,1,567.0593580187514,6.258108405967783,620.7289194799081,P1
959,4,567.5750430018965,6.151289346133299,621.2446044630532,BG
952,1,567.9315802948398,5.57714873206403,621.6011417559965,P3
955,1,568.1331209052394,5.6345069526264595,621.8026823663961,P1
961,3,569.1020956614115,6.369727611982313,622.7716571225682,BG
960,1,569.675681320688,2.3194220066161586,623.3452427818447,P1
962,1,570.0113020014184,6.9458513232316115,623.6808634625751,P2
963,3,570.6862988519251,5.789506131281916,624.3558603130818,BG
964,2,571.0729028155849,6.655879450372609,624.7424642767417,P1
970,1,572.289615023645,5.926937529671198,625.9591764848017,P1
965,3,573.818635572565,3.870983814263654,627.4881970337217,BG
966,1,573.938921879068,7.588193061642222,627.6084833402247,P1
969,2,574.3855073319586,6.786259447446764,628.0550687931153,P2
968,2,575.0550636554949,4.706188467048148,628.7246251166516,P2
967,6,575.5661378752691,4.236224854660216,629.2356993364258,P2
973,2,576.0795473370772,5.502705255952168,629.7491087982339,P2
971,1,577.2570399922794,3.879432072697172,630.9266014534361,P1
976,2,577.5840463031125,7.857763692469199,631.2536077642692,P1
978,2,577.661661377302,6.640039949424646,631.3312228384588,P1
975,2,578.4234195736901,4.680303435966026,632.0929810348468,P1
974,6,578.8143809982731,5.487755819468455,632.4839424594298,P1
972,6,578.8174348559058,3.642171615325879,632.4869963170626,P1
980,1,579.0919339129289,5.37377963006795,632.7614953740856,P2
977,1,579.1423051273516,5.905079834230328,632.8118665885083,P1
979,1,579.739385874996,8.579917244046673,633.4089473361527,P2
983,5,580.3059829605162,5.837884003502588,633.9755444216729,BG
985,1,580.318325764306,7.085698928832871,633.9878872254627,P2
982,2,580.3195968805146,5.179486207464646,633.9891583416713,P1
981,1,581.2584061394934,4.504215984406746,634.9279676006502,P3
986,2,581.471649006165,4.766032046353161,635.1412104673217,P2
987,1,581.597590056358,5.604066601830719,635.2671515175147,P1
988,1,581.803249535293,5.461709321503927,635.4728109964498,P3
984,1,582.2552633671605,6.4431033199487295,635.9248248283172,P1
991,2,582.9893319352574,6.0331327306413245,636.6588933964141,P1
989,6,583.1828695658872,5.1821382371489095,636.852431027044,P1
992,2,583.3112468315288,6.153925530967008,636.9808082926855,P1
993,1,583.9334831057879,5.336758137614725,637.6030445669446,P1
990,1,584.6456365834681,4.388399221880823,638.3151980446248,P1
996,6,585.938169415753,6.085709723957063,639.6077308769097,P1
994,1,587.2966010872842,4.560605592482515,640.9661625484409,P1
997,2,587.6673601928908,4.896149507935476,641.3369216540475,P1
998,1,587.8135575274151,6.4683424858567085,641.4831189885718,P1
999,1,587.956677713646,6.470301889292694,641.6262391748027,P1
995,1,588.0774466734186,5.187764323600165,641.7470081345754,P1
1002,2,588.4438878947828,6.121706176052843,642.1134493559396,P1
1001,1,588.7658028610352,7.752736527427604,642.435364322192,P1
1003,2,589.5802177314715,7.756055417161681,643.2497791926282,P1
1000,6,590.294144071604,3.651212757728177,643.9637055327607,P1
1004,1,590.5380255285486,5.995009613520135,644.2075869897053,P3
1007,1,592.6604599184737,6.906458871477961,646.3300213796305,P1
1006,1,592.6849895951206,8.274872546074716,646.3545510562773,P1
1005,1,593.2679782282257,4.046732536145111,646.9375396893824,P1
1009,1,593.7207523570231,6.524684892565282,647.3903138181798,P1
1010,1,594.0358569961923,5.69429547875256,647.705418457349,P1
1012,1,594.1846443813763,7.535622842821569,647.854205842533,P1
1008,1,594.6664341675653,7.5726310960741685,648.335995628722,P1
1011,1,594.9321714399032,6.203953511589529,648.6017329010599,P2
1014,1,595.514886392085,9.862409033724582,649.1844478532417,P3
1017,1,596.1011482236962,7.043301610515143,649.7707096848529,P1
1013,6,596.1126801517461,5.902521981262673,649.7822416129028,P1
1016,1,596.4563176439653,8.940132150960789,650.1258791051221,P2
1015,6,596.6137101937811,5.4769131575168215,650.2832716549378,P2
1018,2,597.4369381851797,6.267071492278774,651.1064996463364,P2
1020,1,599.311657347416,6.824216744916269,652.9812188085727,P1
1019,2,599.5415938433698,5.81736089140205,653.2111553045265,P2
1021,2,599.8702787238943,9.101279618428409,653.539840185051,P1
1023,2,601.9556576169919,7.978909459544376,655.6252190781486,P1
1022,6,601.9567824986941,4.910025307590283,655.6263439598508,P1
1025,2,603.1959300203157,5.273185271382505,656.8654914814724,P2
1024,2,604.0033483362807,7.1463840132967125,657.6729097974375,P2
1028,1,604.2098662197881,8.977076720814317,657.8794276809448,P2
1027,2,604.3644977311187,5.0578056143788555,658.0340591922754,P1
1029,1,605.1581501782006,4.834245996222814,658.8277116393573,P1
1026,1,605.2792124388899,4.472169881393198,658.9487739000466,P3
1031,2,605.5305706061729,7.245792188301005,659.2001320673296,P1
1033,1,606.1061972269655,5.68291139186928,659.7757586881222,P3
1030,6,606.2822062877716,4.300852173195164,659.9517677489283,P1
1034,2,607.2821192959315,6.097031628835959,660.9516807570882,P1
1032,2,607.339416882859,4.095780050611536,661.0089783440158,P2
1036,1,608.5758970560892,7.459483387829254,662.2454585172459,P1
1035,2,608.7599730425549,5.8388186512347655,662.4295345037116,P2
1038,2,608.9676912533613,5.535244385982855,662.637252714518,P1
1037,2,609.7576916866484,6.953723515365387,663.4272531478051,P1
1041,1,611.5018628404309,6.299062288478573,665.1714243015876,P1
1042,2,611.5701773215164,6.457153795111922,665.2397387826732,P2
1044,1,611.9384869150496,7.272072470042355,665.6080483762063,P2
1045,2,612.8716460928512,5.710423880602417,666.5412075540079,P1
1039,6,612.970083524179,4.998411298939084,666.6396449853357,P1
1040,6,613.4790326405,3.5805802387939814,667.1485941016567,P1
1043,6,613.5185775919963,5.355141261626765,667.188139053153,P1
1046,2,614.1132816683602,5.706845975334096,667.7828431295169,P1
1047,1,615.6130643945942,6.016552410710661,669.2826258557509,P3
1048,1,617.4853143101665,5.74634681754922,671.1548757713232,P1
1049,6,618.7473717626929,4.630930072726934,672.4169332238496,P2
1051,1,619.0380920138753,7.26775119785225,672.707653475032,P2
1050,6,619.4715903382112,6.014715389852117,673.1411517993679,P2
1052,1,621.3426147807832,7.528733885603333,675.0121762419399,P2
1053,1,621.7440536053873,6.8884315070828945,675.413615066544,P3
1054,2,622.9922992470882,9.380130251263418,676.661860708245,P2
1055,2,623.769195330467,7.504854277906766,677.4387567916237,P2
1056,1,624.9560754351625,5.405422129258262,678.6256368963192,P1
1057,1,625.0362805950729,6.915169876965478,678.7058420562296,P1
1058,1,625.2630077979613,5.3280956386945455,678.932569259118,P1
1059,2,625.8203790047525,6.893936022077643,679.4899404659092,P2
1060,1,627.340969286357,6.733434225524025,681.0105307475137,P1
1061,1,633.8997259477447,8.285906823827887,687.5692874089015,P1
1063,1,634.6559308400806,7.023769334623004,688.3254923012373,P3
1062,6,636.8002069177006,5.71437703081656,690.4697683788573,P1
1064,1,637.1657201239528,6.454636305694056,690.8352815851096,P3
1065,1,638.3211579055329,7.000092464930728,691.9907193666896,P1
1066,1,639.224968207342,6.474196843974164,692.8945296684988,P1
1070,1,639.5256555411344,9.611164353694985,693.1952170022911,P1
1068,1,639.7660048845738,7.153442026218679,693.4355663457305,P1
1069,2,640.2916308210903,8.508897267887356,693.961192282247,P1
1067,1,640.3191786894979,6.840688204029182,693.9887401506546,P1
1073,2,641.5005655069871,7.394020516770933,695.1701269681438,P1
1071,2,641.6523630788719,6.897807611524807,695.3219245400286,P1
1072,1,641.7213168031398,5.784554733185238,695.3908782642965,P1
1074,1,641.9352267005867,9.8912083473751,695.6047881617434,P3
1076,2,644.7728286268363,6.856530108726179,698.442390087993,P2
1075,1,645.0754316569619,7.006591717983664,698.7449931181186,P1
1077,1,645.1488883603174,10.19636305532535,698.8184498214741,P1
1078,6,646.6932185131253,6.650075497403889,700.362779974282,P2
1082,1,647.5007841923847,9.503757174488173,701.1703456535414,P1
1079,6,647.9279231840467,5.673244661873044,701.5974846452034,P1
1083,6,648.445074342086,6.301714426148927,702.1146358032427,P2
1080,6,648.8742711207583,7.148367031134712,702.543832581915,P1
1081,1,649.0333478836466,8.944038435344297,702.7029093448033,P2
1086,6,650.169591495385,8.830206843850261,703.8391529565417,P1
1084,1,650.5080268786616,7.232121885190692,704.1775883398183,P2
1085,6,650.8270061869855,4.692289657200179,704.4965676481422,P1
1087,2,650.9919992024872,7.341982505617116,704.661560663644,P1
1088,1,651.8767410308361,7.325452651963471,705.5463024919928,P1
1090,1,652.4498831901547,9.922107988972916,706.1194446513114,P3
1089,3,653.737573759585,5.853800831800745,707.4071352207417,BG
1097,1,653.7569179428388,7.211089420131575,707.4264794039955,P1
1091,2,653.7801785563471,6.60991710071138,707.4497400175038,P1
1094,1,654.7173415359414,7.799607806885227,708.3869029970981,P2
1098,1,654.9348079159797,8.477297055811913,708.6043693771364,P3
1096,2,655.0255978248211,9.018282991411482,708.6951592859779,P1
1099,2,656.1375926154394,6.812406147441908,709.8071540765961,P1
1093,1,656.2571562868173,6.147169877200826,709.9267177479741,P2
1092,1,656.3384241732952,4.9236531276985325,710.0079856344519,P1
1101,2,656.3634903074795,5.312508205990334,710.0330517686363,P2
1100,2,657.6751961715408,8.023949889357585,711.3447576326976,P2
1095,1,657.8843749748785,4.548444884481762,711.5539364360352,P2
1103,1,659.289875029398,7.030742714844155,712.9594364905547,P1
1105,1,660.2584805207047,9.491423833402111,713.9280419818614,P3
1104,6,660.5519217408886,5.366364458130302,714.2214832020453,P1
1107,1,661.024110853747,8.946996812439801,714.6936723149037,P2
1108,1,661.0993924575255,7.081765329504881,714.7689539186822,P1
1109,1,661.6711833592483,9.032658907551365,715.340744820405,P1
1110,1,661.7396605522753,9.920228360349101,715.409222013432,P1
1102,6,662.2345425431156,4.245841014771965,715.9041040042723,P1
1117,1,663.1763859366365,7.595547622401214,716.8459473977932,P2
1114,1,663.3550266438326,5.473945706504475,717.0245881049893,P1
1112,1,663.494691188716,3.9326301686863223,717.1642526498728,P2
1113,3,664.1188104376122,5.180120505769677,717.7883718987689,BG
1106,1,664.6688383141533,3.7249669815137403,718.33839977531,P1
1111,6,664.6939149706777,3.968543975020627,718.3634764318344,P1
1116,2,665.3230432315399,5.810686408594572,718.9926046926967,P1
1118,2,665.5174404875128,4.621629297504729,719.1870019486695,P1
1115,2,665.629938375305,3.288923125653678,719.2994998364617,P1
1120,1,666.7661790203036,7.392018961585158,720.4357404814604,P1
1121,1,667.4581182593698,5.264146111456563,721.1276797205265,P1
1124,2,667.7555205376655,2.3326906489783483,721.4250819988222,P2
1119,6,667.8317071840534,4.460628530413006,721.5012686452101,P1
1123,2,667.8669749030804,6.866194423239328,721.5365363642371,P1
1122,2,667.9066610626672,4.261072891342096,721.576222523824,P2
1126,1,668.2855804085676,6.602282037195888,721.9551418697243,P1
1125,2,668.9643585863533,5.370810089958134,722.6339200475101,P2
1129,6,670.6761379457096,5.115682404976679,724.3456994068663,P1
1127,6,670.7102378715986,6.256594110937532,724.3797993327553,P1
1128,1,671.000622190604,5.5767784453754885,724.6701836517607,P1
1131,1,671.3164220797726,5.841297288867237,724.9859835409293,P2
1130,2,671.5416458151423,4.487869025967523,725.211207276299,P1
1135,1,671.876422948118,10.989779139963156,725.5459844092748,P2
1136,1,672.2013592179884,8.063678460535625,725.8709206791451,P1
1134,1,672.5974314730757,8.840012204813528,726.2669929342325,P3
1133,2,672.6348481690661,5.401745824244972,726.3044096302228,P1
1132,1,672.8042552475981,7.375951361072079,726.4738167087548,P1
1137,1,673.0974522114756,7.038815722053967,726.7670136726323,P2
1138,2,674.1035376901503,5.005251740794168,727.7730991513071,P2
1140,1,674.6966318956402,7.778993027769557,728.3661933567969,P3
1139,1,674.8607958906008,6.91189940924561,728.5303573517575,P1
1141,1,675.18790239622,7.885322767500141,728.8574638573767,P1
1145,1,675.70961273644,5.595768335663056,729.3791741975967,P3
1144,1,676.1432904326067,5.780063498169861,729.8128518937634,P1
1143,1,676.316905858225,7.3696658187845685,729.9864673193817,P2
1142,6,676.3861832539436,6.286104455259824,730.0557447151003,P1
1146,1,677.2232371399058,6.5866220979702375,730.8927986010625,P2
1149,2,677.9339182365774,6.008696033155055,731.6034796977341,P1
1148,1,678.5619555376505,7.8573046274621365,732.2315169988073,P3
1150,1,678.5822618175404,7.071280328319035,732.2518232786971,P1
1147,6,679.1807684699533,4.424462356355665,732.85032993111,P2
1151,2,679.2493237414187,7.1863145460160744,732.9188852025754,P2
1154,2,680.515123488117,6.490776022554639,734.1846849492737,P1
1152,1,680.6944147342691,5.167989576652988,734.3639761954258,P3
1153,1,681.4069439152722,4.377041662548366,735.0765053764289,P2
1156,1,681.9287252591297,7.821265182816621,735.5982867202864,P2
1158,1,681.9520979768922,6.179612238997361,735.6216594380489,P2
1155,1,682.8426966156185,5.2868853618514295,736.5122580767752,P1
1157,2,683.1050048501797,6.197335719699666,736.7745663113365,P1
1162,6,683.2173981010444,7.413392313222418,736.8869595622011,P1
1160,1,683.5856064647996,5.80542427494203,737.2551679259564,P2
1163,2,684.2193954685447,5.918011684373967,737.8889569297014,P1
1159,1,684.397235614822,3.6819629298879475,738.0667970759787,P1
1161,1,684.461855594614,5.9554019312419095,738.1314170557707,P1
1164,3,686.8694913975157,5.891311132791443,740.5390528586724,BG
1166,3,687.8312939928315,6.227926691291537,741.5008554539883,BG
1165,1,689.3936164234334,2.5710864746325934,743.0631778845901,P2
1167,2,689.9672585238475,5.313709323634427,743.6368199850042,P1
1169,1,690.497948203934,8.238194666950735,744.1675096650907,P1
1170,1,690.5271682158042,7.7328710372562135,744.1967296769609,P1
1168,1,690.9272590178581,8.530773039893015,744.5968204790148,P3
1171,2,691.9916886752906,5.013478959921513,745.6612501364473,P2
1173,1,692.4100992139605,8.245733625153164,746.0796606751172,P1
1172,2,692.7803954376004,6.351135777089662,746.4499568987571,P1
1174,1,692.8370011517968,8.947603469626577,746.5065626129535,P1
1175,1,692.8966273043396,8.41470851979357,746.5661887654963,P1
1177,2,694.4231200467387,6.695119712381887,748.0926815078955,P1
1176,2,694.5169875038755,5.729220239915866,748.1865489650322,P1
1179,1,695.7619047256702,7.481399094822296,749.4314661868269,P1
1181,1,697.13107479551,7.031305982189692,750.8006362566667,P3
1178,2,697.295352152132,5.733111729693201,750.9649136132887,P1
1180,1,698.0057266989775,6.093207569291323,751.6752881601342,P2
1184,2,699.2484531245229,8.14002848173046,752.9180145856797,P1
1185,1,700.5281884327853,8.536530627681827,754.197749893942,P1
1182,1,700.5549812320731,5.89895544724666,754.2245426932299,P3
1183,1,700.6568961132365,6.100513209497587,754.3264575743932,P1
1186,2,701.4850494394732,6.577990252318607,755.1546109006299,P2
1187,1,701.5499043522591,8.325448541965134,755.2194658134158,P1
1188,1,702.0167732728178,7.836958406142759,755.6863347339745,P1
1190,2,702.9308830019979,6.560793261703923,756.6004444631546,P1
1189,2,703.746182968591,6.597500391475116,757.4157444297477,P1
1191,1,704.3659221082037,8.365478106881076,758.0354835693604,P3
1192,1,705.1312886681479,6.688795616933004,758.8008501293046,P1
1193,2,705.3813799169218,5.475686275259908,759.0509413780785,P1
1194,1,705.6538814982471,5.795123207138577,759.3234429594038,P2
1195,1,705.733420500196,5.463286604720526,759.4029819613527,P1
1196,1,705.8884931528066,6.042431676606911,759.5580546139633,P2
1197,3,705.961401560327,7.617167997920542,759.6309630214837,BG
1198,1,708.5428980764315,8.051401377415067,762.2124595375882,P2
1200,1,709.0424769818688,7.218782489156176,762.7120384430256,P1
1199,1,709.0634038449206,6.166007946700516,762.7329653060773,P2
1202,1,709.2123155371362,8.47052905559021,762.8818769982929,P1
1201,2,709.4366619418937,6.9268842349215625,763.1062234030504,P1
1203,6,710.9375078586422,7.244808042558624,764.6070693197989,P1
1205,1,711.8667167109359,7.258717910612697,765.5362781720926,P3
1206,1,712.0071213446984,9.731001728020559,765.6766828058551,P2
1204,1,712.7430546076686,5.460415454595567,766.4126160688253,P2
1208,1,712.9233814136666,7.044098963839216,766.5929428748233,P1
1209,3,712.9415646923558,5.67831848927641,766.6111261535125,BG
1211,1,713.6324966819285,6.734794948433465,767.3020581430852,P1
1207,6,714.2108881085392,2.4734443591775315,767.8804495696959,P2
1210,1,714.8787956858648,5.126769059550554,768.5483571470215,P2
1215,2,715.1284489777616,6.790767919709191,768.7980104389184,P1
1212,1,715.1940768836436,7.302612202661689,768.8636383448003,P2
1214,1,715.9751122075402,7.390777455242925,769.6446736686969,P1
1213,1,716.4061894849767,4.784335729709528,770.0757509461334,P1
1216,1,717.6638016023394,6.706722717056225,771.3333630634961,P1
1219,1,719.1138710645878,7.054743953613003,772.7834325257445,P1
1222,2,719.3490664521472,6.371958944393446,773.0186279133039,P1
1218,1,719.3710076605214,3.3228042297856306,773.0405691216781,P1
1221,1,719.7450696795115,5.371323073510297,773.4146311406682,P1
1223,2,720.4756256910088,8.348276130659624,774.1451871521655,P1
1224,1,720.7217759381007,8.201606600551532,774.3913373992574,P2
1220,4,720.8173286476824,4.682564223796806,774.4868901088391,BG
1227,1,721.8171702715695,9.57602269180574,775.4867317327262,P1
1225,2,722.4012836323824,5.194116912556999,776.0708450935391,P1
1217,6,722.4604260688723,1.9492185982254828,776.129987530029,P1
1231,1,722.7295101847686,6.516851422639721,776.3990716459253,P3
1229,2,723.6176507557327,6.833252131178839,777.2872122168894,P1
1228,2,723.6275910903041,3.2265718825713807,777.2971525514608,P1
1226,6,724.6751074198387,3.953863610476412,778.3446688809954,P1
1232,2,724.8719256079613,5.90949416324007,778.541487069118,P1
1233,1,725.0654899343169,6.733609625254444,778.7350513954736,P1
1230,1,725.3674379444794,4.69783761750378,779.0369994056362,P1
1237,1,726.312619696595,6.121146178927508,779.9821811577517,P2
1235,2,726.337353714626,4.613342867642945,780.0069151757828,P2
1238,1,726.4962580254706,4.928866036960007,780.1658194866274,P2
1236,2,726.6778639307963,4.29599721101194,780.347425391953,P2
1234,6,727.6005663024579,3.990823354063764,781.2701277636146,P1
1241,2,728.0899327106509,4.476221700988033,781.7594941718077,P1
1239,2,728.307916145199,5.195758892052254,781.9774776063557,P1
1242,2,728.3949447076287,5.542577549946296,782.0645061687854,P1
1240,2,729.4150359956398,5.4307422236882585,783.0845974567965,P2
1246,3,730.1370673480659,4.751006227021096,783.8066288092226,BG
1243,1,730.3240135943632,4.154594298398853,783.99357505552,P3
1245,2,730.5459113460728,4.543686282503984,784.2154728072295,P1
1244,2,730.6876392490371,5.388451565514536,784.3572007101939,P1
1247,1,730.734501460529,6.922696811624306,784.4040629216857,P1
1249,2,732.0455972561994,4.471060881762468,785.7151587173561,P1
1250,2,732.6850057921347,6.492765601826221,786.3545672532914,P2
1251,2,733.0804620441935,6.504806294245111,786.7500235053502,P1
1248,6,733.7690967653481,6.313777728533804,787.4386582265048,P1
1254,6,733.7853489644244,5.396172430932558,787.4549104255811,P2
1252,1,734.0728520399668,5.006163281730808,787.7424135011236,P1
1253,6,735.6885562984376,6.8137556373686365,789.3581177595943,P1
1255,1,737.2802639854239,4.193315438726871,790.9498254465806,P1
1257,1,737.6255729742809,8.446702327499581,791.2951344354376,P1
1256,6,740.4076714430993,3.7316345179986907,794.077232904256,P1
1259,2,741.2696803761241,6.864099556494352,794.9392418372809,P1
1260,2,741.2751050309729,8.735046992160276,794.9446664921296,P1
1261,1,742.923038578629,8.267024467776011,796.5926000397857,P1
1262,1,745.0143133861466,5.796974490000101,798.6838748473033,P1
1263,1,745.3484607644912,7.041389944349648,799.0180222256479,P2
1258,1,746.6816938610255,2.1151882090498892,800.3512553221822,P1
1265,3,750.2039177289632,5.339804084493187,803.87347919012,BG
1267,1,750.6693722359196,11.038796747566021,804.3389336970763,P1
1269,1,750.828443170984,8.498151362873084,804.4980046321407,P1
1270,1,750.8547425391301,7.134346545382275,804.5243040002869,P1
1264,6,751.2089720807991,4.859369859727128,804.8785335419558,P1
1268,1,752.1572666738667,5.845331013546674,805.8268281350234,P1
1266,6,752.6785327063977,5.415560536524874,806.3480941675544,P2
1274,2,753.6913690455625,9.59635163294689,807.3609305067192,P2
1271,1,753.88828922678,7.623679829930349,807.5578506879367,P1
1273,1,755.0995113979498,5.180675868076979,808.7690728591065,P1
1275,1,755.1007826140014,6.0053676609520155,808.7703440751582,P1
1276,2,755.4127715206023,4.560020978483439,809.082332981759,P2
1277,2,755.6083487493183,7.0401082827325245,809.277910210475,P1
1272,6,756.2628857987488,4.021301515765689,809.9324472599055,P1
1278,1,756.760347744885,6.701857607918923,810.4299092060418,P2
1279,2,756.8132816913518,5.910760856060538,810.4828431525085,P1
1281,1,757.9098452933122,10.532860123389403,811.5794067544689,P1
1280,1,758.6653470809724,4.734764376923491,812.3349085421291,P1
1282,1,759.8119820030697,5.407001459911661,813.4815434642264,P2
1283,1,760.6054025148909,3.859005001984641,814.2749639760476,P2
1284,2,761.3368936336393,5.665930305471361,815.006455094796,P2
1286,3,762.1450565666947,5.800688536359186,815.8146180278515,BG
1287,2,762.8229111769318,7.032869263913441,816.4924726380885,P1
1288,1,762.9281964932499,5.873961955216111,816.5977579544066,P1
1289,1,763.1659334792301,6.392867855031738,816.8354949403869,P2
1292,2,763.6147018981726,7.570017329769044,817.2842633593293,P1
1285,1,763.7099428158441,3.7415866284950834,817.3795042770008,P2
1293,1,763.966578419313,5.790755393864881,817.6361398804697,P1
1290,1,764.2561463933536,5.584150930004185,817.9257078545103,P1
1291,2,764.4462115384149,6.60054057274707,818.1157729995716,P1
1295,1,765.8297442125374,7.113874459791516,819.4993056736942,P1
1294,3,766.0421259720962,6.09716319889383,819.7116874332529,BG
1297,1,766.4070429238851,6.495324314012874,820.0766043850418,P1
1296,6,767.4011697293789,5.656147888406946,821.0707311905356,P2
1301,2,767.9019599873791,5.318698043814717,821.5715214485358,P1
1299,1,768.4114855241623,5.590914253075179,822.0810469853191,P2
1300,6,768.8931366987694,3.3343629357436626,822.5626981599261,P2
1304,1,769.0663358521283,7.191557097096619,822.735897313285,P1
1298,6,769.3064421694429,3.7411307395689337,822.9760036305996,P1
1302,1,769.7449797701221,6.9022002999363465,823.4145412312788,P2
1311,1,769.8994713618142,7.967874019302923,823.5690328229709,P1
1303,2,770.3425943878931,5.498510025620983,824.0121558490498,P1
1306,1,770.739614070215,5.283931027727175,824.4091755313717,P1
1307,2,771.3202978582408,3.9752370049033763,824.9898593193975,P1
1309,1,771.5492514725748,7.08888984921723,825.2188129337316,P1
1305,6,772.2896147695101,3.745782103636836,825.9591762306668,P1
1308,2,772.302208273917,5.743088534274688,825.9717697350737,P1
1310,6,772.6142593561489,5.454082347274479,826.2838208173056,P1
1317,1,772.8840562145324,7.281318362188785,826.5536176756891,P1
1313,1,773.0572017052203,6.840811017568239,826.726763166377,P1
1320,1,773.1659953512228,6.6684774175725945,826.8355568123795,P3
1315,2,773.3618689269601,4.44714305703103,827.0314303881169,P2
1314,1,773.3986242046276,7.011360413324812,827.0681856657843,P1
1319,2,774.1042901404373,5.312731870443744,827.7738516015941,P2
1316,2,774.497648448104,4.542723336966113,828.1672099092607,P1
1312,1,774.9414370970333,2.735667883685103,828.61099855819,P1
1321,1,774.9643971391498,5.969397763174614,828.6339586003065,P3
1318,1,775.0335118540695,6.018730963076571,828.7030733152262,P1
1324,2,775.2709424810176,4.593152332329713,828.9405039421744,P2
1325,2,775.7875030062207,6.001891258552572,829.4570644673774,P1
1323,2,776.1069193060481,5.062806665315824,829.7764807672048,P1
1326,2,776.4872114276837,6.786689955061055,830.1567728888405,P2
1322,1,776.7842174766953,4.3078975430334205,830.453778937852,P1
1327,1,777.176772598672,6.404843731787162,830.8463340598287,P2
1330,3,777.2243275803754,6.374280102623769,830.8938890415321,BG
1329,1,778.0313910462663,7.554761904058842,831.700952507423,P3
1331,1,778.3479492965016,4.8621331258238385,832.0175107576583,P2
1332,5,778.4007411346591,6.329533766384979,832.0703025958159,BG
1333,1,778.4922744554644,4.950409563059593,832.1618359166212,P1
1335,1,778.8070848383657,5.681291039409812,832.4766462995224,P2
1328,1,779.0502414440564,5.356963959542012,832.7198029052131,P2
1337,1,779.066490139276,5.954040155936754,832.7360516004327,P3
1336,1,779.4400779939855,4.294794873602257,833.1096394551422,P1
1339,2,779.5537090730021,10.034370134184892,833.2232705341588,P2
1344,2,779.590652535016,4.644661798076424,833.2602139961728,P1
1334,1,780.3148915442392,4.89649370619373,833.984453005396,P2
1340,1,780.6720578085817,5.874444296904771,834.3416192697384,P2
1343,6,781.2117059002519,7.847686676334102,834.8812673614086,P2
1338,6,782.1126178116036,4.706144236523584,835.7821792727603,P1
1342,1,782.1265218193515,6.470886742367263,835.7960832805082,P1
1341,6,782.6403208491249,3.5337132924318277,836.3098823102816,P1
1345,1,783.1953464796034,7.351747119471114,836.8649079407601,P1
1348,1,783.3535003133237,8.610323155249878,837.0230617744804,P2
1347,1,783.4806092837657,6.922901641708627,837.1501707449224,P2
1346,1,783.4836673751314,3.7017786787016833,837.1532288362881,P1
1349,1,783.9222487859633,7.568923077649435,837.5918102471201,P1
1350,6,784.8789283301039,5.609479976055631,838.5484897912606,P1
1352,6,786.0019063140466,7.081047425438206,839.6714677752033,P2
1351,2,786.5534502189089,4.002414478975763,840.2230116800656,P1
1353,1,788.5198030540907,6.1047463537298,842.1893645152475,P2
1355,2,788.548789676715,6.3415694690928195,842.2183511378718,P1
1354,1,789.2804835505445,6.025415127708156,842.9500450117013,P3
1357,2,791.5382348713432,6.330843930877715,845.2077963324999,P1
1356,6,792.9224207697182,5.553877161004513,846.5919822308749,P1
1360,2,794.0928636831253,5.669013983327566,847.762425144282,P1
1358,6,794.3746983171866,4.946427101821983,848.0442597783433,P1
1361,2,794.5874579228307,5.465115981558046,848.2570193839874,P1
1364,2,795.6405515671091,6.5678124232205715,849.3101130282658,P2
1363,2,796.5163420474227,4.5498464865788195,850.1859035085794,P2
1365,1,797.2005115783642,5.904243032939649,850.8700730395209,P1
1362,1,797.4515173424951,5.31545893542647,851.1210788036518,P1
1359,6,797.9697124075323,3.0883103711916173,851.639273868689,P1
1366,2,798.280481385165,5.171063680199341,851.9500428463217,P2
1368,1,798.957502535238,8.428606995035846,852.6270639963947,P1
1367,1,799.5274217930233,3.513272117581674,853.19698325418,P1
1371,2,799.5518132549416,5.043135856980006,853.2213747160984,P1
1369,1,799.8960214123721,4.731188962077299,853.5655828735288,P1
1370,6,800.9308336551585,6.1009201164227,854.6003951163152,P1
1373,2,801.3141792128796,5.25510704999407,854.9837406740363,P2
1372,3,802.185323689558,6.907309912696598,855.8548851507147,BG
1374,2,802.5228370560122,7.605266080250074,856.192398517169,P2
1376,1,803.00381405069,6.961133119828476,856.6733755118468,P1
1375,6,803.4993635242288,6.825792940607425,857.1689249853855,P1
1377,2,804.6276305872859,5.796032226335353,858.2971920484426,P1
1379,1,805.422386696084,10.29122061755732,859.0919481572407,P3
1380,1,805.5026991758187,8.141471714343401,859.1722606369755,P1
1382,1,805.535341727148,8.876494173572999,859.2049031883047,P1
1378,2,805.8274280684096,7.935485115370286,859.4969895295663,P2
1381,2,806.5608335857669,5.719701916233314,860.2303950469236,P1
1383,1,807.5814758805684,5.9898964397826955,861.2510373417251,P1
1385,1,809.6933247498436,7.163130192889444,863.3628862110003,P1
1386,1,809.7312896121068,7.943306353606612,863.4008510732635,P1
1384,1,809.7950425556795,5.760474590112314,863.4646040168362,P2
1388,1,810.3012754194422,7.1769164546300415,863.9708368805989,P1
1389,1,810.4082628426528,7.958873284965407,864.0778243038095,P1
1387,1,810.4266715317019,8.316215697921022,864.0962329928586,P3
1390,1,811.5839124006376,5.971040583858861,865.2534738617943,P2
1391,1,811.6942007638218,4.089552851155378,865.3637622249785,P2
1392,1,811.8725230627421,7.013974753148761,865.5420845238988,P1
1394,1,812.2570739268499,5.922144486555757,865.9266353880066,P2
1393,1,812.6791434908878,5.376564003587315,866.3487049520445,P1
1397,1,813.2730626129503,6.813965760225472,866.942624074107,P1
1395,2,813.5316594906772,3.5133182342614577,867.2012209518339,P1
1398,2,813.6931354800537,5.063535040241073,867.3626969412104,P1
1405,1,814.2552617824064,7.3624422214110945,867.9248232435631,P2
1396,6,814.2553676268254,7.276281126622095,867.9249290879822,P2
1401,1,815.1939792705659,8.486792044683348,868.8635407317227,P1
1406,6,815.3226816402189,7.396573289178264,868.9922431013756,P1
1399,1,815.3273317356656,7.4103084850780085,868.9968931968223,P3
1407,1,815.7999617161629,6.825995876224823,869.4695231773196,P1
1402,1,815.993912368947,6.528464561082054,869.6634738301037,P2
1400,1,816.0413311405915,5.5576188273443945,869.7108926017482,P3
1404,6,816.0720246276074,6.32753240804435,869.7415860887642,P1
1408,1,816.6485876267643,3.427961504179624,870.318149087921,P3
1403,1,816.7140126490307,4.010700397123414,870.3835741101874,P3
1409,1,817.686621833238,4.181380687682162,871.3561832943947,P1
1411,1,818.2636158785351,5.964550900765124,871.9331773396918,P1
1410,1,818.364311244987,6.070517029174733,872.0338727061437,P3
1412,1,818.5770603098251,6.664556763032139,872.2466217709818,P2
1414,1,819.0917706528751,6.738950797042347,872.7613321140318,P3
1415,1,819.4114309030359,7.185967270579235,873.0809923641926,P2
1413,1,819.6648051907907,5.797888597695487,873.3343666519474,P1
1417,1,820.766384096376,8.168174785822266,874.4359455575327,P1
1416,6,822.6270053572106,3.541740627870756,876.2965668183673,P2
1418,2,823.7381822136389,6.585696199843688,877.4077436747956,P1
1419,2,825.0571546734332,6.086857260051986,878.7267161345899,P1
1420,1,825.3227441309272,6.804535676658778,878.9923055920839,P3
1421,2,826.5086903044219,8.066997473603022,880.1782517655786,P1
1422,1,826.7377631565213,8.515056755734804,880.407324617678,P1
1423,1,827.3328387672965,7.195732055207547,881.0024002284532,P3
1426,2,830.1427961442135,8.137871259115993,883.8123576053703,P1
1424,6,830.3030095468631,4.99641133868841,883.9725710080198,P1
1425,1,830.4969037337403,4.312093978911,884.166465194897,P1
1428,1,836.8774292869912,6.0343437583987845,890.5469907481479,P1
1427,1,836.9707643998486,7.128714900737957,890.6403258610053,P2
1430,6,838.0359485573374,7.9064054252267955,891.7055100184941,P2
1431,1,839.9740158407873,7.407292346064493,893.643577301944,P1
1429,6,840.0313403718308,4.092104482042683,893.7009018329875,P1
1432,1,841.2365234107249,8.747626319648594,894.9060848718816,P2
1433,1,841.8662275443788,7.965892141543219,895.5357890055355,P1
1435,1,843.1026390782004,7.872485441909467,896.7722005393571,P3
1434,6,844.1673777166634,2.8945814117483337,897.8369391778201,P1
1440,2,846.2541331124327,9.410481060929287,899.9236945735894,P1
1439,1,847.4806955899553,4.925327815687033,901.150257051112,P1
1437,1,848.0412833350512,7.634787288745538,901.7108447962079,P3
1442,1,848.2896669379443,9.030672721221833,901.959228399101,P2
1438,1,848.5364162703432,5.182716686308997,902.2059777315,P1
1441,1,848.7012659863567,8.352958757978179,902.3708274475134,P1
1436,6,849.5455753922104,3.200293403620551,903.2151368533671,P1
1443,1,849.71418013665,5.494571980941927,903.3837415978068,P2
1444,5,849.7683781341651,8.12046773321534,903.4379395953218,BG
1447,6,853.1490808133406,6.149090724669193,906.8186422744973,P2
1449,2,853.6516951364443,7.82373098938316,907.3212565976011,P2
1446,6,853.7228999309947,7.581914937895059,907.3924613921514,P1
1445,1,854.4745742966433,5.085976932767489,908.1441357578,P1
1448,6,854.8483984046067,3.6611826168229795,908.5179598657634,P2
1451,2,855.1882434181391,7.279574205342126,908.8578048792958,P1
1450,6,856.577555472399,5.680680486525741,910.2471169335557,P1
1452,1,856.6427898405109,6.280878517284981,910.3123513016676,P3
1453,1,858.4250285294255,2.8969278099729268,912.0945899905822,P2
1457,1,858.862269737402,6.636877564546142,912.5318311985587,P1
1456,1,859.1713681100573,7.555918217835853,912.840929571214,P2
1454,1,859.2027109787318,4.6619189507406595,912.8722724398885,P3
1455,6,859.2643844240943,7.002379032170694,912.933945885251,P1
1459,1,859.4396352329773,8.629393715116446,913.109196694134,P2
1461,1,859.7049894194089,10.706428827882965,913.3745508805656,P2
1458,1,860.6697125797954,7.187073755396537,914.3392740409521,P1
1465,2,861.2099703645517,6.576693032824491,914.8795318257085,P1
1460,1,861.509530341158,5.794849356320893,915.1790918023147,P2
1464,1,862.4975569244301,10.365110327186503,916.1671183855868,P2
1462,1,863.0157976991497,4.447167897878324,916.6853591603065,P1
1463,1,864.0032274979934,5.345771330907588,917.6727889591501,P1
1466,1,865.2315086856863,6.028938148280474,918.901070146843,P3
1468,1,865.5389439144651,6.0055463049528,919.2085053756218,P2
1467,1,865.8466292701398,6.365349588331202,919.5161907312965,P3
1469,1,865.9676259831655,7.882646885377992,919.6371874443222,P3
1470,2,868.653207075052,4.443898936799774,922.3227685362087,P1
1472,4,870.2163214312328,5.894170795363816,923.8858828923895,BG
1473,1,871.5778095818446,8.569861102853919,925.2473710430013,P1
1471,3,871.638056456072,4.281796220094971,925.3076179172288,BG
1475,1,872.4808178990593,4.034504627566821,926.150379360216,P2
1476,2,872.9645593598635,7.042113302735365,926.6341208210202,P1
1477,1,874.3988371462739,7.340115138270507,928.0683986074306,P1
1478,2,875.2524367514161,4.7419824248399385,928.9219982125728,P1
1474,1,875.4115981667446,5.904713606122831,929.0811596279013,P1
1479,2,875.5630743593895,6.00854227951632,929.2326358205462,P1
1480,1,876.2997280584887,6.730576821949056,929.9692895196454,P2
1482,2,876.83833099651,9.088205456713256,930.5078924576667,P2
1481,3,877.0497330089112,5.125528493218722,930.7192944700679,BG
1483,2,878.0461348515076,7.184008636878594,931.7156963126644,P1
1487,1,879.1451748041362,5.247147925800281,932.8147362652929,P1
1484,2,879.7151406708612,5.613127272897249,933.3847021320179,P2
1485,1,880.110646724924,3.6512202376634955,933.7802081860807,P3
1488,1,880.151386004735,5.2359025682202125,933.8209474658917,P1
1486,1,881.0620009701018,6.703858088980384,934.7315624312586,P1
1489,2,881.1430082921889,4.101325854359499,934.8125697533457,P1
1491,1,881.3301712709485,6.864667896167048,934.9997327321053,P1
1492,2,881.699212467463,5.389446765648274,935.3687739286197,P1
1495,1,882.3438064952134,6.739474298310964,936.0133679563701,P1
1490,1,882.9023620679294,5.725615421708884,936.5719235290861,P1
1493,1,883.2451198066541,6.398922621004832,936.9146812678108,P1
1498,1,884.0768819804904,5.597067697105932,937.7464434416471,P1
1501,1,884.5621386317189,6.465333563073187,938.2317000928756,P2
1494,1,884.591998133921,4.317404248047974,938.2615595950778,P1
1503,1,885.232425996198,9.740774766897967,938.9019874573547,P1
1507,1,885.4984157723787,4.670527253504761,939.1679772335355,P1
1509,1,885.5171928114218,7.724670772683746,939.1867542725785,P1
1499,2,885.6009988100457,6.32442986714684,939.2705602712024,P1
1502,1,885.990001275219,3.3450233769983693,939.6595627363757,P2
1496,6,886.0778831334848,4.071055808600333,939.7474445946415,P1
1506,1,886.2376829649243,9.697397507627922,939.907244426081,P1
1504,1,886.460876484794,5.511313276070795,940.1304379459507,P1
1505,1,886.7670283590859,6.207618920159616,940.4365898202426,P3
1508,1,886.769878610665,6.7883405115355195,940.4394400718218,P1
1497,6,886.816886977446,3.1029727538811773,940.4864484386027,P2
1500,1,887.1598554441686,5.854488032588452,940.8294169053253,P2
1510,2,887.4638464744733,7.084403287113577,941.13340793563,P1
1511,1,888.5779724313797,10.233168115938971,942.2475338925365,P3
1512,5,888.8462863336097,4.716609287986106,942.5158477947664,BG
1513,2,889.5090030984195,6.155583630493104,943.1785645595762,P1
1514,2,890.4195780802357,5.122021898182877,944.0891395413925,P2
