slice_m,timestamp,vehicles_abreast
20.0,17.0,1
20.0,17.5,1
20.0,26.0,1
20.0,27.0,1
20.0,29.0,1
20.0,35.0,1
20.0,37.0,1
20.0,44.0,1
20.0,46.0,1
20.0,47.5,1
20.0,51.0,1
20.0,52.0,1
20.0,54.0,2
20.0,55.5,1
20.0,57.0,1
20.0,57.5,1
20.0,58.5,1
20.0,59.5,1
20.0,60.0,2
20.0,61.0,1
20.0,66.0,1
20.0,68.0,1
20.0,69.5,1
20.0,71.5,1
20.0,73.0,1
20.0,74.0,1
20.0,75.0,1
20.0,76.5,1
20.0,77.0,1
20.0,78.0,1
20.0,79.0,2
20.0,81.0,1
20.0,82.5,1
20.0,83.0,1
20.0,83.5,1
20.0,84.0,1
20.0,84.5,2
20.0,89.5,1
20.0,94.0,1
20.0,105.0,1
20.0,105.5,1
20.0,106.0,1
20.0,108.5,1
20.0,109.0,1
20.0,110.0,1
20.0,112.5,1
20.0,114.0,1
20.0,114.5,1
20.0,115.5,1
20.0,116.5,1
20.0,117.5,2
20.0,118.0,3
20.0,122.5,1
20.0,123.5,2
20.0,124.0,1
20.0,125.0,1
20.0,128.5,1
20.0,129.0,2
20.0,129.5,1
20.0,130.0,1
20.0,130.5,3
20.0,132.0,1
20.0,132.5,1
20.0,133.5,2
20.0,134.0,1
20.0,135.0,1
20.0,136.0,1
20.0,137.5,1
20.0,139.0,1
20.0,143.0,1
20.0,144.0,1
20.0,145.0,1
20.0,145.5,1
20.0,146.0,2
20.0,149.0,1
20.0,151.0,1
20.0,151.5,1
20.0,152.0,1
20.0,152.5,1
20.0,155.0,1
20.0,156.0,1
20.0,158.5,1
20.0,159.0,1
20.0,160.0,1
20.0,160.5,1
20.0,163.0,1
20.0,163.5,1
20.0,167.0,1
20.0,167.5,1
20.0,169.5,1
20.0,171.5,1
20.0,173.0,1
20.0,174.5,1
20.0,175.0,1
20.0,175.5,1
20.0,176.0,1
20.0,176.5,1
20.0,177.0,1
20.0,178.0,1
20.0,178.5,1
20.0,179.5,2
20.0,181.0,1
20.0,183.0,1
20.0,183.5,1
20.0,187.0,1
20.0,188.0,1
20.0,188.5,1
20.0,189.0,1
20.0,190.0,1
20.0,190.5,1
20.0,192.0,1
20.0,193.0,1
20.0,193.5,1
20.0,194.5,1
20.0,196.5,1
20.0,197.0,2
20.0,198.5,2
20.0,200.5,2
20.0,203.0,1
20.0,204.5,2
20.0,205.5,1
20.0,209.0,1
20.0,212.0,1
20.0,212.5,1
20.0,213.0,1
20.0,215.0,1
20.0,215.5,1
20.0,219.5,1
20.0,224.5,1
20.0,228.5,1
20.0,230.5,1
20.0,231.5,1
20.0,232.0,2
20.0,233.0,1
20.0,233.5,1
20.0,234.0,1
20.0,236.5,3
20.0,238.5,1
20.0,241.0,1
20.0,244.5,1
20.0,245.0,1
20.0,247.5,1
20.0,248.0,1
20.0,248.5,1
20.0,253.5,1
20.0,255.5,2
20.0,256.0,1
20.0,257.0,1
20.0,257.5,1
20.0,258.5,1
20.0,263.0,1
20.0,263.5,1
20.0,267.5,1
20.0,269.0,1
20.0,272.5,1
20.0,277.5,1
20.0,278.5,1
20.0,279.5,1
20.0,280.5,1
20.0,282.0,1
20.0,283.5,1
20.0,284.0,1
20.0,285.0,1
20.0,285.5,2
20.0,287.0,2
20.0,289.0,3
20.0,290.5,1
20.0,291.5,1
20.0,292.0,1
20.0,293.0,2
20.0,293.5,1
20.0,295.0,1
20.0,296.5,1
20.0,300.5,2
20.0,301.5,2
20.0,303.0,1
20.0,306.5,1
20.0,307.0,1
20.0,308.0,1
20.0,308.5,1
20.0,309.0,1
20.0,309.5,1
20.0,310.0,1
20.0,311.0,1
20.0,314.0,1
20.0,320.0,1
20.0,321.5,1
20.0,323.0,2
20.0,324.0,1
20.0,324.5,1
20.0,326.0,1
20.0,327.0,1
20.0,327.5,1
20.0,328.0,1
20.0,329.5,1
20.0,330.0,1
20.0,330.5,1
20.0,335.5,1
20.0,336.0,1
20.0,336.5,1
20.0,337.0,2
20.0,338.0,1
20.0,338.5,1
20.0,341.5,1
20.0,345.0,1
20.0,345.5,2
20.0,347.0,1
20.0,347.5,1
20.0,351.5,1
20.0,352.0,1
20.0,355.5,1
20.0,356.0,1
20.0,357.5,1
20.0,358.0,2
20.0,358.5,1
20.0,360.0,1
20.0,361.0,1
20.0,361.5,2
20.0,363.5,1
20.0,364.0,1
20.0,364.5,1
20.0,365.5,1
20.0,366.0,2
20.0,367.0,1
20.0,369.5,1
20.0,370.0,1
20.0,370.5,2
20.0,371.0,2
20.0,384.5,1
20.0,386.5,1
20.0,395.0,1
20.0,395.5,1
20.0,396.0,1
20.0,400.0,1
20.0,400.5,2
20.0,401.5,1
20.0,402.0,1
20.0,402.5,1
20.0,403.0,1
20.0,403.5,1
20.0,405.5,1
20.0,406.5,1
20.0,407.0,1
20.0,409.5,1
20.0,411.0,1
20.0,413.0,1
20.0,416.0,1
20.0,417.0,1
20.0,420.0,1
20.0,421.5,2
20.0,422.0,1
20.0,422.5,4
20.0,423.5,1
20.0,424.0,1
20.0,424.5,1
20.0,426.0,1
20.0,426.5,1
20.0,427.0,1
20.0,428.0,1
20.0,428.5,1
20.0,429.0,1
20.0,430.0,1
20.0,431.0,1
20.0,432.0,2
20.0,433.0,1
20.0,433.5,1
20.0,434.0,1
20.0,435.0,1
20.0,436.5,2
20.0,437.5,1
20.0,438.0,1
20.0,438.5,3
20.0,440.0,1
20.0,441.0,2
20.0,442.0,1
20.0,443.0,1
20.0,443.5,1
20.0,444.5,2
20.0,445.5,1
20.0,448.0,1
20.0,448.5,1
20.0,449.0,1
20.0,449.5,1
20.0,451.5,2
20.0,453.5,2
20.0,454.0,1
20.0,454.5,1
20.0,455.0,2
20.0,455.5,1
20.0,456.0,1
20.0,456.5,2
20.0,458.5,1
20.0,460.0,1
20.0,461.5,1
20.0,463.0,1
20.0,465.5,1
20.0,466.5,1
20.0,469.5,1
20.0,470.5,1
20.0,473.5,1
20.0,486.5,1
20.0,487.0,1
20.0,487.5,1
20.0,491.0,1
20.0,491.5,1
20.0,492.0,1
20.0,492.5,2
20.0,495.5,1
20.0,496.5,1
20.0,499.5,1
20.0,504.5,1
20.0,506.5,1
20.0,507.0,1
20.0,512.5,2
20.0,513.0,1
20.0,517.5,1
20.0,519.0,1
20.0,519.5,1
20.0,521.0,1
20.0,521.5,1
20.0,522.5,1
20.0,523.5,1
20.0,525.5,1
20.0,526.0,1
20.0,526.5,2
20.0,528.0,1
20.0,529.5,1
20.0,530.5,1
20.0,533.5,2
20.0,534.0,1
20.0,534.5,1
20.0,535.0,1
20.0,535.5,1
20.0,536.5,2
20.0,538.5,1
20.0,539.5,1
20.0,543.0,1
20.0,544.0,1
20.0,546.5,1
20.0,547.0,1
20.0,548.0,2
20.0,548.5,1
20.0,549.5,1
20.0,555.5,1
20.0,557.5,1
20.0,558.5,1
20.0,564.0,1
20.0,564.5,1
20.0,565.0,1
20.0,566.0,2
20.0,566.5,1
20.0,568.0,2
20.0,570.0,1
20.0,570.5,1
20.0,571.0,2
20.0,572.0,3
20.0,574.5,1
20.0,575.0,2
20.0,577.5,1
20.0,578.0,1
20.0,578.5,2
20.0,579.0,1
20.0,580.0,1
20.0,580.5,1
20.0,585.0,1
20.0,585.5,1
20.0,586.0,2
20.0,586.5,2
20.0,587.0,1
20.0,588.0,1
20.0,591.5,1
20.0,593.0,1
20.0,593.5,1
20.0,595.0,1
20.0,596.5,1
20.0,597.5,1
20.0,598.5,2
20.0,599.0,2
20.0,600.5,1
20.0,601.5,2
20.0,602.5,1
20.0,603.0,1
20.0,604.0,2
20.0,605.5,1
20.0,606.5,1
20.0,608.5,2
20.0,609.5,1
20.0,610.0,1
20.0,611.0,1
20.0,612.0,1
20.0,616.5,1
20.0,619.5,1
20.0,620.5,1
20.0,621.5,1
20.0,623.5,1
20.0,633.0,1
20.0,638.0,1
20.0,639.5,1
20.0,642.5,1
20.0,643.0,1
20.0,648.0,1
20.0,648.5,1
20.0,650.5,2
20.0,651.0,1
20.0,651.5,1
20.0,652.5,2
20.0,654.0,1
20.0,655.0,1
20.0,658.0,1
20.0,658.5,1
20.0,659.5,2
20.0,660.0,1
20.0,660.5,2
20.0,661.0,1
20.0,661.5,2
20.0,663.0,1
20.0,665.0,1
20.0,666.0,1
20.0,667.5,1
20.0,668.0,1
20.0,670.0,1
20.0,673.5,1
20.0,676.0,2
20.0,676.5,1
20.0,678.5,1
20.0,680.0,1
20.0,681.0,1
20.0,681.5,1
20.0,683.0,1
20.0,683.5,1
20.0,684.0,1
20.0,685.5,1
20.0,686.5,1
20.0,689.5,1
20.0,692.0,1
20.0,694.0,1
20.0,697.5,1
20.0,700.0,2
20.0,702.5,1
20.0,703.0,1
20.0,704.5,1
20.0,706.0,1
20.0,706.5,1
20.0,707.0,1
20.0,710.0,2
20.0,710.5,3
20.0,711.0,1
20.0,713.0,1
20.0,716.5,2
20.0,717.0,2
20.0,717.5,2
20.0,718.0,1
20.0,720.5,2
20.0,721.5,2
20.0,722.5,2
20.0,723.0,2
20.0,724.5,2
20.0,725.5,1
20.0,726.5,1
20.0,727.0,2
20.0,727.5,1
20.0,729.0,1
20.0,729.5,1
20.0,730.5,1
20.0,732.5,1
20.0,739.0,1
20.0,740.5,1
20.0,742.0,1
20.0,743.0,1
20.0,746.5,1
20.0,747.5,1
20.0,748.0,1
20.0,749.0,1
20.0,751.5,2
20.0,752.0,1
20.0,755.0,1
20.0,757.5,1
20.0,758.5,1
20.0,759.0,1
20.0,759.5,1
20.0,760.0,2
20.0,761.5,2
20.0,762.5,1
20.0,763.0,1
20.0,763.5,2
20.0,765.0,1
20.0,765.5,1
20.0,767.0,1
20.0,768.0,3
20.0,769.5,1
20.0,770.5,1
20.0,771.0,1
20.0,771.5,1
20.0,772.0,1
20.0,772.5,3
20.0,773.0,1
20.0,774.0,1
20.0,775.0,1
20.0,775.5,1
20.0,776.5,1
20.0,777.0,1
20.0,778.0,2
20.0,778.5,1
20.0,779.0,1
20.0,782.0,1
20.0,786.5,1
20.0,789.0,1
20.0,791.5,1
20.0,792.0,1
20.0,793.0,1
20.0,795.0,1
20.0,796.0,2
20.0,797.0,1
20.0,799.0,1
20.0,799.5,1
20.0,802.0,1
20.0,803.0,2
20.0,804.0,1
20.0,807.0,1
20.0,808.5,1
20.0,809.0,1
20.0,810.5,2
20.0,811.0,1
20.0,811.5,1
20.0,813.0,1
20.0,813.5,1
20.0,816.5,1
20.0,817.5,1
20.0,818.5,1
20.0,821.0,1
20.0,822.5,1
20.0,835.5,2
20.0,839.5,1
20.0,840.5,1
20.0,844.5,1
20.0,845.0,1
20.0,846.0,1
20.0,847.0,2
20.0,847.5,1
20.0,851.0,1
20.0,856.5,1
20.0,858.0,1
20.0,860.0,1
20.0,865.5,1
20.0,868.0,1
20.0,868.5,1
20.0,869.0,1
20.0,870.0,2
20.0,872.0,2
20.0,872.5,1
20.0,873.0,1
20.0,874.0,1
20.0,875.0,1
20.0,876.5,1
20.0,877.0,1
20.0,877.5,1
20.0,879.0,1
20.0,879.5,1
20.0,880.0,1
20.0,880.5,1
20.0,881.0,1
20.0,881.5,1
20.0,882.0,2
20.0,882.5,2
20.0,884.5,1
20.0,885.0,1
20.0,885.5,1
20.0,886.0,1
20.0,887.0,1
50.0,15.0,1
50.0,19.5,1
50.0,20.0,1
50.0,20.5,2
50.0,23.5,1
50.0,25.5,1
50.0,29.0,1
50.0,30.0,1
50.0,31.5,1
50.0,33.0,1
50.0,33.5,1
50.0,34.0,1
50.0,35.0,1
50.0,39.0,1
50.0,40.5,1
50.0,42.0,1
50.0,43.5,1
50.0,44.0,1
50.0,44.5,1
50.0,45.0,1
50.0,46.0,2
50.0,46.5,2
50.0,47.5,1
50.0,48.0,1
50.0,48.5,1
50.0,50.0,1
50.0,50.5,1
50.0,51.5,2
50.0,52.5,1
50.0,53.0,1
50.0,54.5,1
50.0,56.0,1
50.0,56.5,1
50.0,57.0,1
50.0,58.0,1
50.0,59.5,1
50.0,60.0,1
50.0,60.5,2
50.0,61.0,1
50.0,62.0,2
50.0,62.5,1
50.0,63.0,1
50.0,64.5,1
50.0,65.5,1
50.0,66.5,1
50.0,70.0,1
50.0,71.5,1
50.0,73.0,1
50.0,73.5,1
50.0,75.0,1
50.0,75.5,1
50.0,77.0,1
50.0,78.5,1
50.0,79.0,1
50.0,79.5,1
50.0,81.5,1
50.0,82.5,1
50.0,84.0,2
50.0,85.0,2
50.0,85.5,1
50.0,87.0,2
50.0,88.5,1
50.0,89.5,1
50.0,92.0,1
50.0,96.5,1
50.0,107.5,1
50.0,108.0,1
50.0,108.5,1
50.0,109.0,1
50.0,109.5,1
50.0,110.0,1
50.0,110.5,1
50.0,112.0,1
50.0,113.5,1
50.0,117.0,1
50.0,119.5,1
50.0,120.5,2
50.0,121.0,1
50.0,124.5,1
50.0,125.5,1
50.0,126.0,1
50.0,127.0,1
50.0,127.5,1
50.0,129.0,1
50.0,130.5,1
50.0,131.0,1
50.0,131.5,1
50.0,132.5,2
50.0,133.0,1
50.0,133.5,1
50.0,134.0,1
50.0,134.5,2
50.0,136.0,1
50.0,137.0,1
50.0,140.0,1
50.0,140.5,1
50.0,141.5,1
50.0,144.0,1
50.0,146.0,1
50.0,146.5,1
50.0,148.0,2
50.0,148.5,1
50.0,152.0,1
50.0,154.0,1
50.0,154.5,1
50.0,158.0,1
50.0,161.0,1
50.0,165.5,1
50.0,166.0,1
50.0,167.0,1
50.0,168.5,1
50.0,169.5,1
50.0,174.5,1
50.0,176.0,1
50.0,177.0,1
50.0,177.5,1
50.0,178.0,2
50.0,178.5,1
50.0,179.5,2
50.0,182.5,1
50.0,183.0,1
50.0,183.5,1
50.0,185.5,1
50.0,186.0,1
50.0,186.5,2
50.0,187.0,1
50.0,188.5,1
50.0,190.0,1
50.0,191.5,1
50.0,192.0,1
50.0,193.5,1
50.0,194.5,3
50.0,195.5,2
50.0,196.0,1
50.0,199.0,2
50.0,199.5,1
50.0,201.5,1
50.0,202.0,1
50.0,203.0,3
50.0,208.0,2
50.0,209.0,1
50.0,212.0,1
50.0,214.5,1
50.0,215.0,2
50.0,215.5,1
50.0,216.0,1
50.0,219.0,1
50.0,219.5,1
50.0,221.5,1
50.0,226.5,1
50.0,227.5,1
50.0,228.0,1
50.0,229.0,1
50.0,229.5,1
50.0,233.0,2
50.0,234.5,1
50.0,238.5,1
50.0,239.0,1
50.0,239.5,1
50.0,241.0,1
50.0,241.5,1
50.0,242.0,1
50.0,246.0,1
50.0,247.0,1
50.0,251.0,1
50.0,253.5,1
50.0,254.0,1
50.0,258.5,2
50.0,261.5,1
50.0,265.5,1
50.0,266.0,1
50.0,266.5,1
50.0,267.5,1
50.0,269.0,1
50.0,270.0,1
50.0,271.0,1
50.0,279.5,1
50.0,280.5,1
50.0,281.0,2
50.0,281.5,1
50.0,282.0,1
50.0,282.5,1
50.0,284.5,1
50.0,286.0,1
50.0,287.0,1
50.0,287.5,1
50.0,289.0,1
50.0,289.5,2
50.0,290.5,1
50.0,291.5,1
50.0,292.0,1
50.0,293.0,1
50.0,294.5,2
50.0,296.5,2
50.0,297.5,1
50.0,298.0,1
50.0,299.0,1
50.0,299.5,1
50.0,300.0,1
50.0,301.0,1
50.0,302.5,2
50.0,303.0,1
50.0,303.5,1
50.0,304.5,1
50.0,305.0,1
50.0,305.5,1
50.0,306.0,1
50.0,306.5,1
50.0,310.0,1
50.0,311.5,2
50.0,312.0,1
50.0,313.5,1
50.0,315.5,2
50.0,318.0,1
50.0,324.0,1
50.0,325.0,1
50.0,326.5,2
50.0,327.5,1
50.0,329.5,1
50.0,330.0,2
50.0,331.0,2
50.0,332.0,1
50.0,333.0,3
50.0,333.5,1
50.0,338.0,1
50.0,338.5,1
50.0,339.0,1
50.0,339.5,2
50.0,340.0,1
50.0,340.5,1
50.0,341.5,1
50.0,343.0,1
50.0,344.0,1
50.0,344.5,3
50.0,345.0,1
50.0,346.0,1
50.0,347.5,1
50.0,349.5,1
50.0,350.0,1
50.0,351.0,1
50.0,354.5,1
50.0,357.5,1
50.0,358.0,1
50.0,359.0,1
50.0,360.5,1
50.0,361.0,1
50.0,362.5,1
50.0,364.0,1
50.0,365.0,1
50.0,365.5,2
50.0,366.5,1
50.0,367.5,1
50.0,368.0,1
50.0,368.5,2
50.0,369.0,1
50.0,370.0,1
50.0,372.5,1
50.0,373.0,1
50.0,373.5,1
50.0,375.0,1
50.0,384.5,1
50.0,387.5,1
50.0,388.5,1
50.0,398.0,2
50.0,398.5,1
50.0,400.0,1
50.0,402.5,1
50.0,404.0,1
50.0,406.0,2
50.0,406.5,1
50.0,408.5,1
50.0,411.5,1
50.0,412.0,1
50.0,413.0,1
50.0,414.0,1
50.0,415.0,2
50.0,415.5,1
50.0,417.0,1
50.0,418.5,1
50.0,419.5,1
50.0,421.0,1
50.0,421.5,1
50.0,423.0,1
50.0,424.0,1
50.0,424.5,1
50.0,425.0,1
50.0,426.0,1
50.0,426.5,2
50.0,427.0,2
50.0,427.5,1
50.0,428.5,1
50.0,429.5,1
50.0,430.0,1
50.0,430.5,1
50.0,432.0,1
50.0,432.5,1
50.0,434.0,2
50.0,434.5,2
50.0,435.0,1
50.0,435.5,1
50.0,436.0,2
50.0,436.5,2
50.0,437.0,1
50.0,437.5,1
50.0,438.5,1
50.0,439.0,1
50.0,440.0,1
50.0,440.5,1
50.0,441.0,1
50.0,441.5,1
50.0,442.0,1
50.0,442.5,2
50.0,443.0,1
50.0,443.5,1
50.0,444.5,1
50.0,445.5,2
50.0,446.0,1
50.0,447.0,2
50.0,448.0,1
50.0,449.0,2
50.0,451.0,1
50.0,451.5,1
50.0,452.0,1
50.0,454.5,1
50.0,455.0,1
50.0,455.5,1
50.0,456.5,2
50.0,457.5,1
50.0,458.0,1
50.0,458.5,2
50.0,459.0,1
50.0,460.0,1
50.0,461.5,1
50.0,462.0,1
50.0,464.0,1
50.0,465.0,1
50.0,466.5,1
50.0,467.5,1
50.0,469.5,1
50.0,470.0,1
50.0,470.5,1
50.0,473.0,1
50.0,474.0,1
50.0,475.5,1
50.0,482.0,1
50.0,486.0,1
50.0,489.5,1
50.0,490.0,1
50.0,491.5,1
50.0,492.5,1
50.0,493.5,1
50.0,494.0,2
50.0,494.5,1
50.0,495.5,1
50.0,496.0,1
50.0,498.0,1
50.0,498.5,1
50.0,499.5,1
50.0,502.0,1
50.0,507.0,1
50.0,508.0,1
50.0,509.0,2
50.0,510.5,1
50.0,515.0,2
50.0,515.5,1
50.0,516.5,1
50.0,518.5,1
50.0,520.0,1
50.0,522.5,1
50.0,524.0,1
50.0,524.5,1
50.0,526.5,1
50.0,527.0,2
50.0,528.0,2
50.0,528.5,1
50.0,530.0,1
50.0,530.5,1
50.0,531.0,1
50.0,532.0,1
50.0,532.5,1
50.0,533.5,1
50.0,534.0,1
50.0,534.5,1
50.0,536.5,1
50.0,537.0,1
50.0,537.5,2
50.0,538.5,1
50.0,539.5,1
50.0,540.0,1
50.0,540.5,1
50.0,541.0,1
50.0,541.5,1
50.0,542.0,1
50.0,542.5,1
50.0,545.0,1
50.0,549.0,1
50.0,549.5,1
50.0,550.0,1
50.0,552.5,1
50.0,554.5,1
50.0,555.0,1
50.0,556.0,1
50.0,556.5,1
50.0,557.5,1
50.0,558.0,2
50.0,560.0,1
50.0,561.0,2
50.0,562.0,2
50.0,562.5,1
50.0,563.0,1
50.0,565.0,1
50.0,566.5,1
50.0,567.5,2
50.0,569.0,2
50.0,569.5,1
50.0,570.5,1
50.0,571.0,2
50.0,573.5,1
50.0,574.0,1
50.0,574.5,2
50.0,575.0,2
50.0,576.0,1
50.0,577.5,2
50.0,578.0,1
50.0,579.5,1
50.0,580.0,3
50.0,580.5,1
50.0,581.0,1
50.0,582.0,1
50.0,583.0,1
50.0,583.5,1
50.0,584.0,1
50.0,587.5,2
50.0,588.0,1
50.0,588.5,1
50.0,589.5,2
50.0,599.0,1
50.0,601.5,1
50.0,603.0,1
50.0,604.0,3
50.0,607.0,2
50.0,608.5,1
50.0,609.5,1
50.0,611.5,1
50.0,612.5,2
50.0,614.0,1
50.0,621.0,1
50.0,623.0,1
50.0,623.5,1
50.0,624.5,1
50.0,625.5,1
50.0,627.0,1
50.0,636.5,1
50.0,638.0,1
50.0,639.5,1
50.0,640.0,2
50.0,641.5,1
50.0,644.5,1
50.0,646.5,1
50.0,647.5,1
50.0,648.0,1
50.0,650.0,1
50.0,650.5,1
50.0,653.5,3
50.0,654.0,1
50.0,655.0,1
50.0,655.5,1
50.0,656.0,2
50.0,657.5,1
50.0,659.0,1
50.0,660.0,1
50.0,661.5,1
50.0,663.0,1
50.0,664.0,2
50.0,664.5,2
50.0,665.0,2
50.0,665.5,2
50.0,666.5,1
50.0,667.5,2
50.0,668.0,1
50.0,670.5,1
50.0,672.5,2
50.0,674.0,1
50.0,676.0,1
50.0,677.5,1
50.0,679.0,1
50.0,683.0,2
50.0,684.0,1
50.0,686.5,1
50.0,687.0,1
50.0,687.5,2
50.0,688.0,1
50.0,691.5,1
50.0,692.0,1
50.0,692.5,1
50.0,695.5,1
50.0,697.0,1
50.0,699.0,1
50.0,703.5,1
50.0,705.0,1
50.0,705.5,1
50.0,706.0,1
50.0,709.0,1
50.0,711.5,1
50.0,713.0,1
50.0,714.5,1
50.0,715.0,1
50.0,716.0,1
50.0,719.0,1
50.0,720.5,2
50.0,721.0,1
50.0,722.0,1
50.0,723.0,1
50.0,723.5,1
50.0,724.0,1
50.0,724.5,1
50.0,726.0,3
50.0,726.5,1
50.0,727.0,1
50.0,728.0,2
50.0,729.0,1
50.0,730.0,1
50.0,730.5,3
50.0,731.5,1
50.0,732.5,1
50.0,733.0,1
50.0,733.5,1
50.0,735.5,1
50.0,740.0,1
50.0,741.0,2
50.0,744.5,1
50.0,745.0,1
50.0,750.0,1
50.0,750.5,4
50.0,753.5,1
50.0,755.0,1
50.0,755.5,2
50.0,756.5,2
50.0,760.0,1
50.0,761.0,1
50.0,762.0,1
50.0,762.5,3
50.0,763.5,1
50.0,765.5,1
50.0,766.0,1
50.0,766.5,1
50.0,767.0,1
50.0,767.5,1
50.0,768.0,1
50.0,769.5,1
50.0,770.0,1
50.0,771.0,1
50.0,772.0,1
50.0,773.0,1
50.0,774.0,2
50.0,775.0,1
50.0,775.5,1
50.0,777.0,1
50.0,778.5,1
50.0,779.0,2
50.0,779.5,2
50.0,781.0,1
50.0,782.0,1
50.0,783.0,1
50.0,784.5,1
50.0,786.0,1
50.0,786.5,1
50.0,788.5,1
50.0,789.0,1
50.0,794.0,2
50.0,794.5,1
50.0,795.5,1
50.0,796.0,1
50.0,797.0,1
50.0,797.5,1
50.0,798.0,1
50.0,799.5,1
50.0,801.0,1
50.0,802.0,1
50.0,802.5,1
50.0,804.5,1
50.0,805.5,1
50.0,809.5,1
50.0,810.0,1
50.0,813.0,2
50.0,813.5,1
50.0,814.0,1
50.0,815.0,1
50.0,815.5,1
50.0,816.0,1
50.0,817.0,1
50.0,818.0,2
50.0,820.5,1
50.0,822.0,1
50.0,823.5,1
50.0,825.0,1
50.0,826.5,1
50.0,827.0,1
50.0,830.0,3
50.0,836.5,1
50.0,839.5,1
50.0,841.0,1
50.0,843.5,1
50.0,846.0,1
50.0,847.0,1
50.0,848.0,1
50.0,848.5,1
50.0,849.0,1
50.0,849.5,1
50.0,853.5,2
50.0,854.0,1
50.0,855.0,1
50.0,858.5,1
50.0,859.0,1
50.0,859.5,1
50.0,861.0,1
50.0,862.5,1
50.0,865.5,1
50.0,868.0,1
50.0,868.5,1
50.0,870.0,1
50.0,870.5,1
50.0,871.5,1
50.0,872.0,1
50.0,872.5,1
50.0,875.0,2
50.0,876.0,1
50.0,876.5,1
50.0,877.0,1
50.0,877.5,1
50.0,879.5,1
50.0,880.5,1
50.0,881.0,2
50.0,881.5,1
50.0,882.0,1
50.0,882.5,1
50.0,883.5,1
50.0,885.0,1
50.0,885.5,2
50.0,886.0,2
50.0,888.5,1
50.0,890.0,1
100.0,10.5,1
100.0,23.5,1
100.0,24.0,2
100.0,24.5,2
100.0,26.0,1
100.0,27.0,1
100.0,29.5,1
100.0,34.5,1
100.0,35.0,1
100.0,35.5,1
100.0,40.5,1
100.0,41.5,1
100.0,42.5,1
100.0,45.0,1
100.0,45.5,1
100.0,46.0,1
100.0,47.0,1
100.0,47.5,1
100.0,48.0,1
100.0,50.5,1
100.0,51.0,2
100.0,52.0,1
100.0,52.5,1
100.0,53.0,1
100.0,55.5,1
100.0,56.0,2
100.0,57.0,1
100.0,60.5,1
100.0,61.0,2
100.0,62.5,1
100.0,64.0,1
100.0,64.5,1
100.0,65.0,2
100.0,66.5,1
100.0,68.0,2
100.0,69.0,1
100.0,71.5,1
100.0,72.0,1
100.0,73.5,1
100.0,74.0,1
100.0,75.0,1
100.0,75.5,1
100.0,76.0,1
100.0,76.5,1
100.0,77.5,2
100.0,79.0,1
100.0,79.5,1
100.0,81.0,1
100.0,81.5,1
100.0,84.0,1
100.0,85.5,1
100.0,86.5,1
100.0,87.0,1
100.0,88.5,1
100.0,89.5,2
100.0,91.0,1
100.0,91.5,1
100.0,92.0,1
100.0,92.5,1
100.0,94.0,2
100.0,96.5,1
100.0,101.0,1
100.0,101.5,1
100.0,111.5,1
100.0,112.0,1
100.0,113.5,1
100.0,114.0,1
100.0,117.0,1
100.0,118.0,1
100.0,119.5,1
100.0,121.0,1
100.0,123.0,2
100.0,123.5,1
100.0,124.5,1
100.0,125.0,1
100.0,125.5,1
100.0,127.5,2
100.0,128.0,1
100.0,130.0,1
100.0,130.5,2
100.0,131.5,1
100.0,135.0,2
100.0,136.5,1
100.0,137.5,1
100.0,138.0,1
100.0,139.0,3
100.0,140.0,1
100.0,141.0,1
100.0,142.0,1
100.0,142.5,1
100.0,143.5,1
100.0,144.5,1
100.0,145.0,1
100.0,145.5,1
100.0,146.0,1
100.0,147.5,1
100.0,151.0,1
100.0,152.0,1
100.0,152.5,1
100.0,156.0,1
100.0,158.5,1
100.0,159.0,1
100.0,160.0,1
100.0,162.0,1
100.0,163.0,1
100.0,164.0,1
100.0,165.0,1
100.0,167.0,1
100.0,167.5,1
100.0,169.0,1
100.0,169.5,1
100.0,170.0,1
100.0,170.5,1
100.0,172.0,1
100.0,173.0,1
100.0,173.5,1
100.0,175.5,1
100.0,178.0,1
100.0,180.0,1
100.0,180.5,1
100.0,182.5,1
100.0,183.0,1
100.0,184.0,1
100.0,185.5,1
100.0,187.5,1
100.0,188.0,1
100.0,188.5,2
100.0,189.0,1
100.0,190.5,1
100.0,191.0,1
100.0,193.0,1
100.0,194.0,1
100.0,196.0,1
100.0,196.5,1
100.0,197.0,1
100.0,198.5,2
100.0,199.0,1
100.0,199.5,2
100.0,200.5,1
100.0,201.5,1
100.0,203.0,1
100.0,203.5,1
100.0,204.0,1
100.0,205.5,1
100.0,207.0,2
100.0,213.5,1
100.0,216.5,1
100.0,219.0,1
100.0,219.5,2
100.0,222.5,1
100.0,224.5,1
100.0,226.5,1
100.0,230.0,1
100.0,233.5,1
100.0,234.0,2
100.0,234.5,1
100.0,237.0,1
100.0,237.5,1
100.0,238.0,2
100.0,240.0,1
100.0,240.5,2
100.0,241.5,1
100.0,242.5,1
100.0,243.5,1
100.0,245.0,1
100.0,246.0,1
100.0,246.5,1
100.0,247.0,1
100.0,249.5,1
100.0,250.5,1
100.0,251.5,1
100.0,258.5,1
100.0,264.0,1
100.0,267.0,1
100.0,268.0,1
100.0,270.0,1
100.0,270.5,1
100.0,278.5,1
100.0,283.0,1
100.0,286.5,1
100.0,287.0,1
100.0,287.5,1
100.0,289.0,1
100.0,290.5,1
100.0,291.5,1
100.0,292.0,1
100.0,294.0,1
100.0,294.5,1
100.0,295.5,1
100.0,297.0,1
100.0,297.5,1
100.0,299.0,2
100.0,299.5,1
100.0,300.5,1
100.0,302.5,2
100.0,303.5,1
100.0,304.5,1
100.0,305.0,1
100.0,306.0,1
100.0,307.5,1
100.0,308.5,2
100.0,309.0,1
100.0,310.0,1
100.0,311.0,1
100.0,311.5,1
100.0,312.0,1
100.0,313.5,1
100.0,314.0,1
100.0,315.5,2
100.0,316.0,2
100.0,317.0,1
100.0,318.0,1
100.0,319.0,2
100.0,321.0,1
100.0,322.0,1
100.0,328.0,1
100.0,330.0,2
100.0,334.0,1
100.0,334.5,2
100.0,336.0,1
100.0,337.0,1
100.0,338.5,1
100.0,342.0,1
100.0,342.5,1
100.0,344.0,1
100.0,344.5,2
100.0,345.0,2
100.0,346.0,1
100.0,348.5,2
100.0,349.0,3
100.0,349.5,1
100.0,351.5,1
100.0,352.5,1
100.0,353.5,1
100.0,354.0,1
100.0,354.5,1
100.0,356.5,1
100.0,357.0,1
100.0,358.5,1
100.0,361.0,1
100.0,361.5,2
100.0,362.0,1
100.0,364.5,1
100.0,365.0,1
100.0,366.5,1
100.0,367.5,2
100.0,368.5,1
100.0,371.0,2
100.0,371.5,1
100.0,373.0,1
100.0,373.5,1
100.0,376.5,2
100.0,377.0,1
100.0,377.5,2
100.0,379.5,1
100.0,382.0,1
100.0,388.0,1
100.0,392.5,1
100.0,394.0,1
100.0,394.5,1
100.0,397.5,1
100.0,401.0,1
100.0,402.5,1
100.0,403.0,1
100.0,406.5,1
100.0,408.5,1
100.0,409.0,1
100.0,410.0,1
100.0,410.5,1
100.0,411.0,1
100.0,412.5,1
100.0,413.0,1
100.0,416.0,1
100.0,417.0,2
100.0,419.0,1
100.0,420.0,2
100.0,421.0,1
100.0,422.5,1
100.0,423.5,1
100.0,425.5,1
100.0,427.5,1
100.0,428.5,1
100.0,430.0,1
100.0,431.0,1
100.0,431.5,1
100.0,432.5,1
100.0,434.0,2
100.0,434.5,3
100.0,435.0,2
100.0,437.0,1
100.0,438.0,2
100.0,438.5,1
100.0,439.5,3
100.0,440.5,1
100.0,441.0,1
100.0,441.5,2
100.0,442.0,1
100.0,442.5,2
100.0,443.5,1
100.0,444.0,1
100.0,444.5,2
100.0,446.0,1
100.0,446.5,2
100.0,447.0,2
100.0,447.5,1
100.0,448.0,2
100.0,449.0,1
100.0,450.5,1
100.0,451.5,3
100.0,452.0,3
100.0,452.5,1
100.0,453.0,1
100.0,454.5,1
100.0,455.5,2
100.0,456.0,1
100.0,456.5,1
100.0,461.0,1
100.0,462.5,2
100.0,463.5,1
100.0,465.0,1
100.0,466.5,3
100.0,469.5,1
100.0,470.5,1
100.0,471.0,1
100.0,471.5,1
100.0,472.5,1
100.0,474.0,2
100.0,480.5,1
100.0,481.0,1
100.0,485.0,1
100.0,487.0,1
100.0,489.0,1
100.0,492.0,1
100.0,493.5,1
100.0,495.0,1
100.0,497.0,1
100.0,498.0,2
100.0,498.5,1
100.0,500.0,1
100.0,501.0,1
100.0,502.0,1
100.0,502.5,1
100.0,503.0,1
100.0,503.5,1
100.0,506.5,1
100.0,511.0,1
100.0,513.0,1
100.0,516.0,1
100.0,518.5,1
100.0,520.0,1
100.0,520.5,2
100.0,521.0,2
100.0,524.5,1
100.0,525.0,1
100.0,526.0,1
100.0,526.5,1
100.0,527.0,2
100.0,527.5,1
100.0,528.0,2
100.0,529.0,2
100.0,529.5,1
100.0,531.0,1
100.0,531.5,2
100.0,532.5,1
100.0,533.0,1
100.0,533.5,1
100.0,534.0,1
100.0,535.0,2
100.0,536.5,2
100.0,538.0,1
100.0,538.5,1
100.0,539.0,1
100.0,540.0,1
100.0,540.5,1
100.0,541.0,2
100.0,541.5,1
100.0,542.0,1
100.0,543.5,1
100.0,545.0,1
100.0,545.5,1
100.0,555.0,1
100.0,556.0,2
100.0,556.5,1
100.0,560.0,1
100.0,560.5,1
100.0,562.5,1
100.0,563.5,2
100.0,565.0,1
100.0,565.5,1
100.0,566.0,1
100.0,568.0,1
100.0,569.0,1
100.0,571.0,2
100.0,572.0,1
100.0,572.5,1
100.0,573.0,1
100.0,573.5,2
100.0,575.0,1
100.0,575.5,1
100.0,576.0,1
100.0,576.5,1
100.0,578.0,1
100.0,578.5,1
100.0,579.0,1
100.0,580.0,2
100.0,581.0,1
100.0,581.5,2
100.0,582.5,1
100.0,583.0,1
100.0,584.5,1
100.0,585.0,1
100.0,585.5,3
100.0,587.0,1
100.0,587.5,1
100.0,589.0,1
100.0,589.5,1
100.0,592.0,1
100.0,593.0,1
100.0,593.5,1
100.0,596.0,1
100.0,597.5,1
100.0,598.5,2
100.0,603.0,2
100.0,604.0,1
100.0,605.5,1
100.0,606.5,1
100.0,607.5,1
100.0,608.0,2
100.0,610.5,1
100.0,612.0,2
100.0,612.5,1
100.0,613.0,1
100.0,613.5,2
100.0,615.5,1
100.0,616.0,1
100.0,616.5,1
100.0,618.0,1
100.0,618.5,2
100.0,624.0,2
100.0,626.5,1
100.0,628.5,1
100.0,629.5,1
100.0,631.5,1
100.0,640.5,1
100.0,641.5,1
100.0,642.0,1
100.0,643.0,1
100.0,643.5,1
100.0,644.0,1
100.0,645.0,1
100.0,646.0,1
100.0,648.5,1
100.0,652.5,1
100.0,654.5,1
100.0,655.0,1
100.0,657.0,2
100.0,658.0,2
100.0,658.5,2
100.0,659.0,1
100.0,659.5,1
100.0,660.5,1
100.0,663.5,1
100.0,664.0,1
100.0,667.0,1
100.0,668.0,1
100.0,668.5,1
100.0,669.0,1
100.0,669.5,1
100.0,670.0,2
100.0,670.5,2
100.0,671.5,1
100.0,672.0,1
100.0,673.0,2
100.0,673.5,1
100.0,676.0,1
100.0,676.5,1
100.0,677.0,2
100.0,677.5,1
100.0,680.0,1
100.0,681.5,1
100.0,683.0,1
100.0,684.0,2
100.0,687.5,1
100.0,688.0,2
100.0,691.5,1
100.0,692.0,2
100.0,692.5,1
100.0,693.0,1
100.0,695.0,1
100.0,695.5,1
100.0,696.0,2
100.0,696.5,1
100.0,701.0,1
100.0,705.0,1
100.0,706.0,1
100.0,707.5,1
100.0,709.5,1
100.0,711.5,1
100.0,712.5,2
100.0,716.0,1
100.0,717.0,1
100.0,717.5,1
100.0,719.0,1
100.0,719.5,1
100.0,721.0,1
100.0,722.5,1
100.0,723.0,1
100.0,723.5,1
100.0,724.0,1
100.0,726.0,2
100.0,726.5,1
100.0,727.0,1
100.0,728.5,2
100.0,729.5,1
100.0,730.5,2
100.0,731.0,1
100.0,731.5,1
100.0,732.5,2
100.0,733.0,2
100.0,733.5,2
100.0,734.5,1
100.0,735.0,2
100.0,735.5,2
100.0,737.0,2
100.0,738.0,1
100.0,744.5,1
100.0,746.5,1
100.0,748.5,1
100.0,749.0,1
100.0,754.5,1
100.0,755.0,1
100.0,755.5,1
100.0,757.0,1
100.0,759.0,1
100.0,760.0,1
100.0,760.5,1
100.0,761.5,1
100.0,765.5,1
100.0,766.5,3
100.0,768.0,1
100.0,768.5,1
100.0,769.0,1
100.0,770.5,1
100.0,771.0,1
100.0,771.5,1
100.0,773.0,1
100.0,773.5,1
100.0,774.5,1
100.0,775.0,1
100.0,775.5,1
100.0,776.0,2
100.0,776.5,1
100.0,777.0,1
100.0,777.5,1
100.0,778.0,2
100.0,779.5,2
100.0,780.5,2
100.0,781.0,2
100.0,781.5,1
100.0,782.0,1
100.0,783.0,1
100.0,783.5,1
100.0,784.0,2
100.0,785.0,1
100.0,786.5,1
100.0,787.5,1
100.0,789.0,1
100.0,789.5,1
100.0,791.0,1
100.0,792.5,1
100.0,793.5,1
100.0,798.0,2
100.0,798.5,1
100.0,799.5,2
100.0,801.5,1
100.0,802.0,1
100.0,804.5,1
100.0,805.0,1
100.0,806.0,3
100.0,806.5,1
100.0,807.0,1
100.0,808.5,1
100.0,809.5,1
100.0,811.0,2
100.0,813.5,1
100.0,815.5,1
100.0,817.0,2
100.0,817.5,1
100.0,822.5,2
100.0,823.5,1
100.0,827.5,2
100.0,828.5,1
100.0,830.0,1
100.0,835.0,1
100.0,845.5,1
100.0,849.0,1
100.0,851.0,1
100.0,852.5,1
100.0,855.5,1
100.0,857.5,1
100.0,858.5,1
100.0,859.0,1
100.0,859.5,1
100.0,865.5,2
100.0,867.5,1
100.0,869.5,1
100.0,872.5,1
100.0,874.5,1
100.0,876.5,1
100.0,877.0,1
100.0,877.5,2
100.0,880.0,2
100.0,880.5,1
100.0,881.5,1
100.0,882.0,1
100.0,884.5,1
100.0,885.5,1
100.0,887.0,1
100.0,888.0,1
100.0,889.0,1
100.0,889.5,1
100.0,890.0,1
100.0,891.0,2
100.0,892.0,1
100.0,893.5,2
100.0,894.0,1
150.0,15.0,1
150.0,20.5,1
150.0,23.5,1
150.0,27.0,1
150.0,27.5,1
150.0,28.0,1
150.0,28.5,1
150.0,30.5,1
150.0,32.5,1
150.0,34.0,1
150.0,35.0,1
150.0,38.0,1
150.0,38.5,1
150.0,45.0,1
150.0,45.5,1
150.0,47.0,1
150.0,51.0,1
150.0,52.0,1
150.0,54.5,1
150.0,55.0,1
150.0,55.5,2
150.0,56.5,1
150.0,57.0,1
150.0,57.5,1
150.0,58.5,1
150.0,59.5,1
150.0,61.0,1
150.0,62.0,1
150.0,63.5,1
150.0,65.5,1
150.0,66.0,1
150.0,66.5,2
150.0,68.5,1
150.0,69.5,1
150.0,70.0,2
150.0,71.0,1
150.0,72.5,1
150.0,75.5,1
150.0,79.0,1
150.0,80.0,1
150.0,81.0,2
150.0,81.5,1
150.0,82.0,1
150.0,83.0,1
150.0,83.5,1
150.0,84.0,1
150.0,85.0,1
150.0,86.5,1
150.0,88.5,2
150.0,93.0,1
150.0,93.5,1
150.0,96.0,1
150.0,96.5,1
150.0,97.0,1
150.0,98.0,1
150.0,101.0,1
150.0,104.0,1
150.0,105.5,1
150.0,106.0,1
150.0,115.5,1
150.0,116.5,1
150.0,117.5,1
150.0,118.0,1
150.0,121.0,1
150.0,123.0,2
150.0,124.5,1
150.0,125.0,1
150.0,126.5,1
150.0,127.0,3
150.0,129.0,2
150.0,129.5,1
150.0,130.0,1
150.0,131.0,1
150.0,131.5,1
150.0,132.0,1
150.0,136.0,1
150.0,138.0,1
150.0,140.0,1
150.0,140.5,1
150.0,141.0,1
150.0,141.5,1
150.0,142.0,1
150.0,142.5,1
150.0,144.0,1
150.0,145.0,1
150.0,148.0,1
150.0,149.0,1
150.0,149.5,3
150.0,150.5,1
150.0,153.5,1
150.0,154.0,1
150.0,155.0,1
150.0,157.0,1
150.0,160.0,1
150.0,163.5,1
150.0,164.5,1
150.0,165.5,1
150.0,167.0,1
150.0,169.0,1
150.0,170.5,1
150.0,172.5,1
150.0,174.0,1
150.0,174.5,1
150.0,177.0,1
150.0,177.5,1
150.0,178.5,2
150.0,179.5,1
150.0,181.0,1
150.0,183.5,1
150.0,185.5,2
150.0,186.5,1
150.0,187.5,1
150.0,189.0,1
150.0,189.5,1
150.0,193.0,3
150.0,193.5,2
150.0,194.5,1
150.0,195.0,1
150.0,195.5,1
150.0,196.0,1
150.0,197.0,1
150.0,200.0,1
150.0,200.5,2
150.0,201.0,2
150.0,202.5,1
150.0,203.0,2
150.0,203.5,1
150.0,204.0,1
150.0,204.5,2
150.0,205.5,1
150.0,206.5,1
150.0,208.0,1
150.0,208.5,1
150.0,209.5,1
150.0,210.5,1
150.0,211.0,2
150.0,211.5,1
150.0,215.0,1
150.0,216.0,1
150.0,217.0,1
150.0,217.5,1
150.0,220.5,1
150.0,222.5,1
150.0,223.5,1
150.0,225.5,1
150.0,227.0,1
150.0,227.5,1
150.0,228.0,1
150.0,230.5,1
150.0,231.5,1
150.0,233.0,1
150.0,235.0,1
150.0,235.5,1
150.0,237.5,2
150.0,242.0,2
150.0,242.5,1
150.0,243.5,1
150.0,244.0,1
150.0,245.0,1
150.0,246.0,2
150.0,247.0,1
150.0,249.5,1
150.0,250.0,1
150.0,250.5,2
150.0,252.0,1
150.0,253.0,1
150.0,254.5,1
150.0,256.0,1
150.0,261.0,1
150.0,265.0,1
150.0,266.5,1
150.0,267.5,1
150.0,270.0,1
150.0,272.0,1
150.0,273.0,1
150.0,274.0,1
150.0,274.5,1
150.0,277.0,1
150.0,277.5,1
150.0,278.5,1
150.0,279.5,1
150.0,282.0,1
150.0,288.0,1
150.0,289.5,1
150.0,290.5,1
150.0,291.5,1
150.0,292.0,1
150.0,293.0,1
150.0,295.0,2
150.0,295.5,1
150.0,296.5,1
150.0,297.0,2
150.0,297.5,1
150.0,298.0,1
150.0,299.5,2
150.0,300.5,1
150.0,301.5,2
150.0,302.0,1
150.0,303.5,1
150.0,304.0,1
150.0,305.0,2
150.0,307.0,2
150.0,307.5,1
150.0,308.0,2
150.0,308.5,1
150.0,311.0,2
150.0,313.5,1
150.0,314.0,2
150.0,314.5,1
150.0,315.5,1
150.0,317.0,1
150.0,318.0,1
150.0,319.0,1
150.0,319.5,2
150.0,322.5,1
150.0,323.5,1
150.0,324.0,1
150.0,330.0,1
150.0,333.5,1
150.0,334.5,1
150.0,338.0,1
150.0,338.5,1
150.0,339.5,1
150.0,340.5,2
150.0,341.5,1
150.0,346.0,1
150.0,346.5,1
150.0,348.0,2
150.0,348.5,1
150.0,350.0,1
150.0,352.5,1
150.0,353.0,1
150.0,353.5,1
150.0,356.0,2
150.0,358.0,2
150.0,358.5,1
150.0,362.5,1
150.0,364.5,1
150.0,365.0,1
150.0,366.5,1
150.0,367.0,2
150.0,368.0,1
150.0,368.5,1
150.0,369.0,1
150.0,370.5,1
150.0,371.5,1
150.0,373.5,1
150.0,375.0,1
150.0,376.5,1
150.0,378.0,2
150.0,379.0,2
150.0,380.0,1
150.0,381.0,1
150.0,381.5,1
150.0,382.5,1
150.0,385.5,1
150.0,389.0,1
150.0,391.5,1
150.0,398.5,1
150.0,402.5,1
150.0,406.5,1
150.0,407.0,1
150.0,412.5,2
150.0,414.0,1
150.0,415.0,1
150.0,415.5,1
150.0,416.0,1
150.0,417.0,1
150.0,419.0,2
150.0,421.0,2
150.0,421.5,1
150.0,422.5,2
150.0,425.0,1
150.0,427.5,1
150.0,428.0,1
150.0,429.0,1
150.0,429.5,1
150.0,431.0,1
150.0,432.5,1
150.0,434.5,1
150.0,435.5,1
150.0,436.0,1
150.0,437.5,1
150.0,439.0,2
150.0,439.5,1
150.0,440.0,1
150.0,441.0,1
150.0,441.5,1
150.0,442.0,2
150.0,443.0,1
150.0,443.5,1
150.0,444.0,1
150.0,446.0,2
150.0,447.0,2
150.0,447.5,1
150.0,448.0,1
150.0,448.5,1
150.0,449.0,1
150.0,450.5,1
150.0,451.0,1
150.0,451.5,1
150.0,452.0,1
150.0,453.0,3
150.0,453.5,2
150.0,454.0,1
150.0,454.5,1
150.0,455.0,1
150.0,455.5,2
150.0,456.0,1
150.0,456.5,2
150.0,457.0,1
150.0,457.5,1
150.0,458.0,2
150.0,459.0,1
150.0,460.0,1
150.0,460.5,1
150.0,461.0,1
150.0,461.5,1
150.0,463.0,1
150.0,464.5,1
150.0,465.5,1
150.0,467.5,2
150.0,468.0,1
150.0,468.5,1
150.0,470.0,2
150.0,470.5,3
150.0,473.5,2
150.0,475.0,1
150.0,476.5,1
150.0,478.0,1
150.0,478.5,1
150.0,481.0,1
150.0,481.5,1
150.0,488.0,1
150.0,496.5,1
150.0,497.5,1
150.0,498.5,1
150.0,500.5,1
150.0,501.0,2
150.0,501.5,1
150.0,502.0,1
150.0,502.5,1
150.0,503.5,1
150.0,504.0,2
150.0,506.0,1
150.0,506.5,1
150.0,508.0,1
150.0,508.5,1
150.0,511.0,1
150.0,514.0,1
150.0,515.5,2
150.0,516.0,1
150.0,517.0,1
150.0,522.0,1
150.0,524.0,1
150.0,525.0,1
150.0,525.5,1
150.0,526.0,1
150.0,527.5,1
150.0,528.5,1
150.0,530.0,1
150.0,530.5,1
150.0,531.5,1
150.0,532.5,1
150.0,533.5,1
150.0,534.0,1
150.0,534.5,1
150.0,535.0,1
150.0,535.5,1
150.0,536.0,1
150.0,536.5,1
150.0,537.0,1
150.0,537.5,2
150.0,538.5,1
150.0,539.0,1
150.0,539.5,1
150.0,540.5,1
150.0,541.0,1
150.0,543.5,1
150.0,546.0,1
150.0,546.5,1
150.0,548.5,2
150.0,549.5,1
150.0,550.0,1
150.0,551.5,1
150.0,554.0,1
150.0,555.5,2
150.0,556.5,1
150.0,557.0,1
150.0,560.0,1
150.0,560.5,1
150.0,561.5,1
150.0,562.0,1
150.0,564.0,1
150.0,566.0,1
150.0,567.0,2
150.0,567.5,2
150.0,569.0,1
150.0,569.5,1
150.0,571.5,1
150.0,572.0,1
150.0,573.0,2
150.0,575.5,1
150.0,577.0,2
150.0,577.5,2
150.0,579.5,1
150.0,580.0,1
150.0,582.0,2
150.0,583.0,1
150.0,583.5,1
150.0,584.0,1
150.0,585.5,2
150.0,586.0,1
150.0,587.0,1
150.0,588.0,1
150.0,588.5,1
150.0,589.5,1
150.0,590.0,1
150.0,591.5,3
150.0,592.0,1
150.0,593.5,1
150.0,594.0,1
150.0,595.5,1
150.0,598.0,1
150.0,601.0,1
150.0,604.5,1
150.0,605.5,1
150.0,606.5,1
150.0,610.0,1
150.0,612.5,1
150.0,613.0,1
150.0,614.0,1
150.0,615.0,1
150.0,616.0,1
150.0,616.5,1
150.0,617.5,1
150.0,618.5,1
150.0,620.5,2
150.0,621.0,1
150.0,623.0,1
150.0,624.0,1
150.0,625.5,1
150.0,628.0,1
150.0,628.5,1
150.0,630.0,1
150.0,630.5,1
150.0,633.5,1
150.0,646.5,1
150.0,647.0,1
150.0,652.0,1
150.0,654.0,1
150.0,655.0,2
150.0,656.5,1
150.0,657.0,1
150.0,658.0,1
150.0,659.0,1
150.0,659.5,1
150.0,660.5,1
150.0,661.5,1
150.0,662.5,1
150.0,663.0,1
150.0,663.5,1
150.0,664.5,2
150.0,665.0,1
150.0,665.5,1
150.0,667.0,2
150.0,669.0,1
150.0,671.0,1
150.0,673.5,1
150.0,674.0,1
150.0,675.0,2
150.0,675.5,1
150.0,676.0,2
150.0,676.5,1
150.0,677.0,1
150.0,677.5,2
150.0,678.0,1
150.0,678.5,1
150.0,679.0,2
150.0,680.0,1
150.0,680.5,2
150.0,681.5,1
150.0,682.0,1
150.0,683.0,1
150.0,683.5,1
150.0,685.5,1
150.0,686.0,1
150.0,687.0,1
150.0,689.0,1
150.0,689.5,1
150.0,691.5,1
150.0,692.0,1
150.0,693.0,1
150.0,694.5,1
150.0,695.5,1
150.0,697.0,1
150.0,697.5,1
150.0,699.5,1
150.0,700.0,1
150.0,701.0,1
150.0,705.5,1
150.0,707.5,1
150.0,708.0,1
150.0,710.5,1
150.0,711.0,1
150.0,712.0,1
150.0,712.5,1
150.0,713.0,1
150.0,715.0,1
150.0,715.5,1
150.0,720.5,1
150.0,721.0,1
150.0,722.0,1
150.0,724.0,1
150.0,725.0,1
150.0,729.5,1
150.0,731.5,2
150.0,733.5,1
150.0,736.0,2
150.0,736.5,1
150.0,739.0,2
150.0,739.5,1
150.0,740.0,1
150.0,740.5,1
150.0,741.0,1
150.0,742.0,1
150.0,743.0,2
150.0,747.5,1
150.0,748.5,1
150.0,750.0,1
150.0,756.5,1
150.0,758.5,1
150.0,759.0,1
150.0,760.0,1
150.0,762.0,1
150.0,763.0,1
150.0,767.0,1
150.0,769.0,1
150.0,770.0,1
150.0,770.5,2
150.0,772.0,1
150.0,775.0,2
150.0,775.5,1
150.0,777.5,1
150.0,778.0,1
150.0,779.5,1
150.0,780.5,1
150.0,781.0,1
150.0,782.0,1
150.0,782.5,1
150.0,783.0,1
150.0,783.5,2
150.0,784.0,2
150.0,785.0,2
150.0,786.0,3
150.0,786.5,1
150.0,787.5,1
150.0,788.5,2
150.0,789.5,2
150.0,792.0,1
150.0,792.5,1
150.0,794.0,2
150.0,795.5,1
150.0,796.5,1
150.0,798.0,1
150.0,799.5,1
150.0,801.5,1
150.0,802.5,1
150.0,803.5,1
150.0,804.5,1
150.0,807.0,1
150.0,808.5,1
150.0,811.0,2
150.0,811.5,1
150.0,812.5,1
150.0,813.0,1
150.0,814.5,1
150.0,815.5,1
150.0,820.5,1
150.0,822.0,2
150.0,822.5,1
150.0,826.0,1
150.0,827.0,2
150.0,829.0,1
150.0,831.0,1
150.0,832.5,2
150.0,834.0,1
150.0,834.5,1
150.0,839.5,1
150.0,845.5,1
150.0,851.0,1
150.0,851.5,1
150.0,856.5,1
150.0,857.0,2
150.0,858.0,1
150.0,859.5,1
150.0,861.5,1
150.0,862.0,2
150.0,862.5,1
150.0,864.0,1
150.0,866.0,1
150.0,866.5,1
150.0,867.5,1
150.0,868.5,1
150.0,869.0,1
150.0,870.0,1
150.0,872.0,1
150.0,874.0,1
150.0,875.0,1
150.0,876.5,1
150.0,878.0,1
150.0,881.0,1
150.0,881.5,1
150.0,882.0,1
150.0,882.5,1
150.0,884.5,1
150.0,885.0,1
150.0,885.5,1
150.0,886.0,1
150.0,886.5,1
150.0,887.0,2
150.0,887.5,1
150.0,888.5,1
150.0,889.5,1
150.0,890.0,1
150.0,890.5,1
150.0,891.5,1
150.0,893.0,1
150.0,894.5,1
150.0,895.5,1
150.0,896.0,1
150.0,896.5,1
150.0,897.0,1
150.0,898.0,1
150.0,899.0,2
200.0,19.5,1
200.0,26.5,1
200.0,30.0,1
200.0,30.5,1
200.0,32.0,1
200.0,32.5,1
200.0,34.5,1
200.0,37.5,1
200.0,38.0,1
200.0,40.0,1
200.0,42.0,1
200.0,43.0,1
200.0,45.5,1
200.0,47.0,1
200.0,48.5,1
200.0,49.0,1
200.0,53.5,1
200.0,54.0,1
200.0,54.5,1
200.0,59.0,1
200.0,59.5,2
200.0,60.0,1
200.0,60.5,2
200.0,61.0,1
200.0,62.5,1
200.0,65.5,1
200.0,66.0,1
200.0,66.5,1
200.0,67.5,1
200.0,69.5,1
200.0,70.5,2
200.0,71.0,2
200.0,71.5,1
200.0,72.5,1
200.0,74.0,1
200.0,75.5,1
200.0,76.5,2
200.0,79.0,1
200.0,79.5,1
200.0,81.0,2
200.0,82.0,1
200.0,82.5,1
200.0,84.0,1
200.0,85.5,1
200.0,86.5,1
200.0,87.5,1
200.0,88.0,1
200.0,89.5,1
200.0,92.5,1
200.0,93.5,1
200.0,94.5,1
200.0,95.5,1
200.0,96.5,2
200.0,97.5,2
200.0,98.0,1
200.0,98.5,1
200.0,99.0,1
200.0,100.0,1
200.0,101.0,1
200.0,101.5,2
200.0,105.5,2
200.0,108.0,1
200.0,110.5,1
200.0,119.0,1
200.0,119.5,1
200.0,121.5,2
200.0,122.0,1
200.0,125.0,1
200.0,127.5,2
200.0,129.0,1
200.0,129.5,1
200.0,130.5,1
200.0,131.0,1
200.0,133.5,1
200.0,134.0,2
200.0,136.0,1
200.0,136.5,1
200.0,140.0,1
200.0,141.0,1
200.0,141.5,1
200.0,142.0,1
200.0,143.0,2
200.0,144.5,1
200.0,145.5,1
200.0,146.0,1
200.0,146.5,1
200.0,147.0,1
200.0,147.5,1
200.0,148.0,1
200.0,149.5,1
200.0,150.5,1
200.0,153.0,1
200.0,154.5,1
200.0,155.0,1
200.0,156.0,1
200.0,156.5,1
200.0,157.0,2
200.0,157.5,1
200.0,159.0,1
200.0,160.5,1
200.0,161.0,2
200.0,164.5,1
200.0,166.5,1
200.0,167.5,1
200.0,168.0,1
200.0,168.5,1
200.0,169.5,1
200.0,172.0,1
200.0,172.5,1
200.0,173.0,1
200.0,173.5,1
200.0,176.0,1
200.0,176.5,1
200.0,177.5,1
200.0,178.5,1
200.0,179.0,1
200.0,180.5,1
200.0,181.0,1
200.0,181.5,1
200.0,182.5,1
200.0,183.5,1
200.0,187.0,2
200.0,187.5,1
200.0,189.0,1
200.0,190.5,1
200.0,191.0,1
200.0,193.0,2
200.0,193.5,1
200.0,196.5,1
200.0,198.0,1
200.0,198.5,1
200.0,200.0,1
200.0,200.5,1
200.0,201.5,2
200.0,203.0,1
200.0,204.0,1
200.0,204.5,1
200.0,205.5,1
200.0,206.0,1
200.0,208.0,2
200.0,209.5,2
200.0,210.5,1
200.0,212.5,1
200.0,213.0,1
200.0,215.0,1
200.0,215.5,1
200.0,216.0,1
200.0,217.5,1
200.0,219.0,1
200.0,222.0,1
200.0,225.0,2
200.0,226.0,1
200.0,227.5,1
200.0,228.0,1
200.0,230.5,1
200.0,231.0,1
200.0,233.0,1
200.0,233.5,1
200.0,234.5,1
200.0,235.5,1
200.0,236.0,1
200.0,237.0,1
200.0,237.5,1
200.0,241.0,1
200.0,242.0,1
200.0,243.5,1
200.0,244.5,1
200.0,245.5,1
200.0,246.5,1
200.0,247.5,1
200.0,248.0,1
200.0,249.5,2
200.0,250.5,1
200.0,251.0,1
200.0,254.0,2
200.0,256.5,2
200.0,257.5,1
200.0,264.5,1
200.0,267.5,1
200.0,268.5,1
200.0,270.5,1
200.0,272.0,1
200.0,274.5,1
200.0,276.0,1
200.0,277.0,1
200.0,278.5,1
200.0,279.0,1
200.0,283.5,1
200.0,284.5,1
200.0,285.0,1
200.0,290.0,1
200.0,297.0,1
200.0,297.5,1
200.0,298.5,1
200.0,299.0,1
200.0,299.5,1
200.0,300.5,1
200.0,301.5,1
200.0,302.0,1
200.0,303.0,1
200.0,303.5,1
200.0,305.5,1
200.0,307.0,1
200.0,308.0,1
200.0,309.5,1
200.0,310.0,1
200.0,312.5,2
200.0,314.5,1
200.0,315.5,2
200.0,317.5,1
200.0,318.0,1
200.0,319.0,1
200.0,319.5,1
200.0,320.5,1
200.0,321.0,1
200.0,322.0,1
200.0,323.0,1
200.0,323.5,2
200.0,324.0,1
200.0,325.5,1
200.0,326.5,1
200.0,327.0,1
200.0,327.5,1
200.0,330.0,2
200.0,330.5,1
200.0,333.5,1
200.0,334.0,1
200.0,334.5,1
200.0,335.5,1
200.0,336.0,1
200.0,336.5,1
200.0,338.5,1
200.0,339.0,1
200.0,342.0,1
200.0,342.5,1
200.0,344.0,1
200.0,345.5,2
200.0,347.5,1
200.0,349.5,2
200.0,350.0,1
200.0,352.5,1
200.0,353.0,2
200.0,354.5,1
200.0,356.0,1
200.0,356.5,1
200.0,357.0,1
200.0,357.5,1
200.0,360.5,1
200.0,362.0,1
200.0,362.5,2
200.0,363.5,2
200.0,364.5,1
200.0,365.5,1
200.0,366.0,1
200.0,368.0,2
200.0,368.5,1
200.0,370.5,1
200.0,371.0,1
200.0,372.0,1
200.0,372.5,1
200.0,373.0,1
200.0,373.5,2
200.0,375.0,2
200.0,376.0,1
200.0,380.5,1
200.0,382.0,1
200.0,382.5,2
200.0,383.5,2
200.0,384.5,2
200.0,385.0,1
200.0,387.0,1
200.0,388.0,1
200.0,389.0,1
200.0,390.0,1
200.0,396.0,1
200.0,398.0,1
200.0,400.0,1
200.0,403.0,1
200.0,407.5,1
200.0,410.5,1
200.0,411.0,1
200.0,411.5,1
200.0,414.0,1
200.0,416.5,1
200.0,417.0,2
200.0,420.0,1
200.0,420.5,1
200.0,421.0,1
200.0,422.5,1
200.0,423.0,1
200.0,424.0,1
200.0,426.5,1
200.0,427.5,1
200.0,428.5,1
200.0,429.0,1
200.0,429.5,1
200.0,430.5,1
200.0,431.0,1
200.0,432.0,1
200.0,433.5,1
200.0,434.5,2
200.0,435.0,2
200.0,437.0,2
200.0,439.5,1
200.0,440.0,2
200.0,442.0,1
200.0,443.0,1
200.0,443.5,1
200.0,446.0,3
200.0,447.0,1
200.0,448.0,1
200.0,448.5,1
200.0,449.0,1
200.0,449.5,3
200.0,450.0,1
200.0,450.5,2
200.0,451.0,1
200.0,451.5,2
200.0,452.0,1
200.0,452.5,1
200.0,453.0,2
200.0,453.5,2
200.0,454.0,2
200.0,454.5,1
200.0,455.5,1
200.0,456.0,2
200.0,456.5,1
200.0,457.0,2
200.0,457.5,2
200.0,458.0,1
200.0,458.5,1
200.0,459.0,1
200.0,460.0,1
200.0,460.5,1
200.0,461.5,2
200.0,462.5,3
200.0,463.0,1
200.0,464.0,2
200.0,464.5,1
200.0,465.5,1
200.0,466.0,1
200.0,466.5,1
200.0,467.0,1
200.0,469.5,1
200.0,470.5,1
200.0,473.0,1
200.0,473.5,1
200.0,474.0,2
200.0,474.5,1
200.0,475.5,2
200.0,476.0,2
200.0,477.5,2
200.0,478.0,1
200.0,478.5,2
200.0,480.0,2
200.0,481.0,1
200.0,482.0,1
200.0,483.5,1
200.0,484.0,2
200.0,486.0,1
200.0,486.5,1
200.0,487.0,1
200.0,490.5,1
200.0,491.0,1
200.0,495.0,1
200.0,499.5,1
200.0,501.0,1
200.0,502.0,1
200.0,505.5,1
200.0,506.0,1
200.0,508.0,2
200.0,509.0,1
200.0,510.0,1
200.0,511.5,2
200.0,515.5,1
200.0,517.5,1
200.0,518.5,1
200.0,519.5,2
200.0,521.0,1
200.0,521.5,1
200.0,525.5,1
200.0,527.0,1
200.0,528.0,1
200.0,528.5,1
200.0,529.0,1
200.0,530.5,1
200.0,531.0,1
200.0,532.0,1
200.0,532.5,1
200.0,534.5,2
200.0,537.0,1
200.0,538.0,1
200.0,539.5,1
200.0,540.0,1
200.0,540.5,1
200.0,541.5,2
200.0,542.0,1
200.0,542.5,1
200.0,543.5,2
200.0,544.0,2
200.0,544.5,1
200.0,545.0,2
200.0,545.5,1
200.0,546.0,1
200.0,546.5,1
200.0,548.5,1
200.0,549.0,1
200.0,549.5,1
200.0,551.0,1
200.0,551.5,1
200.0,552.0,1
200.0,553.0,1
200.0,553.5,1
200.0,554.0,1
200.0,555.0,1
200.0,555.5,2
200.0,557.0,1
200.0,557.5,1
200.0,560.0,1
200.0,561.0,1
200.0,562.0,1
200.0,566.0,1
200.0,567.5,1
200.0,568.0,1
200.0,569.0,2
200.0,570.0,1
200.0,571.0,1
200.0,571.5,1
200.0,572.0,1
200.0,573.0,2
200.0,573.5,1
200.0,574.5,1
200.0,575.0,1
200.0,576.5,1
200.0,577.0,1
200.0,581.5,1
200.0,582.0,2
200.0,583.5,2
200.0,584.5,1
200.0,585.0,1
200.0,586.0,1
200.0,587.5,2
200.0,588.0,1
200.0,588.5,2
200.0,590.0,2
200.0,591.0,2
200.0,592.0,1
200.0,593.0,1
200.0,594.0,1
200.0,594.5,1
200.0,595.5,1
200.0,596.0,1
200.0,599.5,1
200.0,600.0,1
200.0,600.5,2
200.0,602.0,1
200.0,603.5,1
200.0,605.0,1
200.0,605.5,1
200.0,607.0,1
200.0,609.5,3
200.0,611.0,1
200.0,613.0,1
200.0,615.5,1
200.0,616.5,2
200.0,618.5,2
200.0,621.0,2
200.0,621.5,1
200.0,622.5,1
200.0,623.0,1
200.0,624.5,1
200.0,625.5,1
200.0,626.0,1
200.0,628.0,1
200.0,629.5,1
200.0,630.0,1
200.0,631.0,2
200.0,633.0,1
200.0,634.0,1
200.0,635.0,1
200.0,635.5,1
200.0,636.5,1
200.0,637.0,1
200.0,638.0,1
200.0,642.5,1
200.0,647.5,1
200.0,650.5,1
200.0,651.0,2
200.0,652.0,1
200.0,652.5,1
200.0,654.0,1
200.0,655.5,1
200.0,658.5,1
200.0,659.0,1
200.0,660.0,2
200.0,661.5,1
200.0,665.0,1
200.0,666.0,1
200.0,667.5,1
200.0,668.0,1
200.0,669.5,1
200.0,670.5,1
200.0,671.0,1
200.0,672.0,1
200.0,674.0,1
200.0,677.0,1
200.0,677.5,1
200.0,678.0,1
200.0,680.0,1
200.0,680.5,1
200.0,681.0,1
200.0,682.0,1
200.0,682.5,2
200.0,683.0,1
200.0,684.5,2
200.0,685.0,2
200.0,685.5,1
200.0,686.5,1
200.0,687.0,1
200.0,688.0,1
200.0,688.5,1
200.0,690.0,3
200.0,693.0,1
200.0,695.5,1
200.0,696.5,1
200.0,697.5,1
200.0,698.5,1
200.0,699.0,1
200.0,699.5,2
200.0,702.0,1
200.0,702.5,1
200.0,703.0,3
200.0,703.5,1
200.0,705.0,2
200.0,705.5,1
200.0,709.0,1
200.0,710.0,1
200.0,711.0,1
200.0,711.5,1
200.0,714.5,1
200.0,716.5,3
200.0,717.0,2
200.0,720.5,1
200.0,721.0,1
200.0,722.0,1
200.0,723.0,1
200.0,724.5,1
200.0,725.0,1
200.0,726.5,1
200.0,728.0,1
200.0,728.5,1
200.0,729.0,2
200.0,730.0,1
200.0,730.5,1
200.0,732.0,1
200.0,733.0,1
200.0,735.0,1
200.0,736.5,1
200.0,738.0,2
200.0,739.0,1
200.0,740.0,1
200.0,740.5,1
200.0,741.5,1
200.0,742.0,1
200.0,743.5,1
200.0,744.5,2
200.0,745.0,1
200.0,745.5,1
200.0,746.0,1
200.0,747.0,2
200.0,748.5,2
200.0,750.0,1
200.0,751.5,1
200.0,752.5,1
200.0,757.5,1
200.0,759.5,1
200.0,762.5,1
200.0,763.0,1
200.0,763.5,1
200.0,765.5,1
200.0,767.5,1
200.0,768.5,1
200.0,769.5,1
200.0,771.5,1
200.0,772.0,1
200.0,772.5,1
200.0,774.5,1
200.0,775.0,2
200.0,776.0,1
200.0,779.0,1
200.0,779.5,1
200.0,780.0,1
200.0,782.0,1
200.0,782.5,1
200.0,784.5,1
200.0,785.5,2
200.0,786.0,1
200.0,786.5,1
200.0,787.0,2
200.0,787.5,1
200.0,788.0,1
200.0,789.0,1
200.0,789.5,1
200.0,790.0,1
200.0,791.0,2
200.0,792.5,2
200.0,793.0,1
200.0,793.5,2
200.0,794.0,2
200.0,798.5,1
200.0,800.5,1
200.0,801.0,1
200.0,802.5,1
200.0,807.0,2
200.0,808.0,1
200.0,810.0,1
200.0,811.0,1
200.0,812.0,1
200.0,812.5,1
200.0,813.0,1
200.0,814.0,3
200.0,815.0,1
200.0,815.5,1
200.0,816.5,1
200.0,817.0,1
200.0,819.0,1
200.0,820.5,1
200.0,821.5,1
200.0,824.5,1
200.0,825.0,1
200.0,825.5,2
200.0,826.5,1
200.0,827.0,2
200.0,832.5,1
200.0,833.5,1
200.0,834.5,1
200.0,835.0,1
200.0,836.5,1
200.0,838.0,1
200.0,840.5,1
200.0,844.5,1
200.0,849.5,1
200.0,854.0,2
200.0,856.0,1
200.0,860.5,2
200.0,861.5,1
200.0,862.5,1
200.0,865.0,1
200.0,868.0,2
200.0,868.5,1
200.0,870.0,1
200.0,872.0,1
200.0,873.5,1
200.0,876.5,1
200.0,877.5,1
200.0,878.0,2
200.0,880.5,1
200.0,881.5,1
200.0,882.0,1
200.0,883.5,1
200.0,885.0,1
200.0,886.0,1
200.0,886.5,1
200.0,887.0,2
200.0,888.5,1
200.0,889.0,1
200.0,890.0,2
200.0,891.0,1
200.0,891.5,1
200.0,892.0,1
200.0,894.0,1
200.0,894.5,1
200.0,897.0,1
200.0,897.5,1
200.0,900.5,1
200.0,901.0,1
200.0,901.5,1
225.0,31.5,1
225.0,34.0,1
225.0,34.5,1
225.0,38.0,2
225.0,39.5,1
225.0,40.0,1
225.0,41.5,1
225.0,46.5,1
225.0,47.0,1
225.0,47.5,1
225.0,48.5,1
225.0,50.0,2
225.0,52.0,2
225.0,55.5,2
225.0,57.5,1
225.0,59.5,1
225.0,60.5,1
225.0,61.0,1
225.0,61.5,1
225.0,62.0,1
225.0,63.0,1
225.0,63.5,1
225.0,65.0,1
225.0,67.5,1
225.0,68.5,1
225.0,69.5,1
225.0,71.0,1
225.0,71.5,1
225.0,72.5,1
225.0,73.0,1
225.0,75.0,2
225.0,75.5,1
225.0,76.0,1
225.0,76.5,1
225.0,77.5,1
225.0,78.0,1
225.0,78.5,1
225.0,79.0,1
225.0,80.0,1
225.0,80.5,1
225.0,81.0,1
225.0,83.0,1
225.0,85.0,1
225.0,86.0,2
225.0,88.0,1
225.0,89.0,1
225.0,90.0,1
225.0,90.5,1
225.0,91.0,1
225.0,92.0,1
225.0,94.0,1
225.0,95.5,1
225.0,96.5,1
225.0,97.0,1
225.0,98.0,1
225.0,99.0,1
225.0,99.5,1
225.0,100.5,2
225.0,103.5,1
225.0,104.0,1
225.0,107.5,1
225.0,108.0,1
225.0,108.5,1
225.0,110.0,1
225.0,112.5,1
225.0,113.0,1
225.0,121.0,1
225.0,121.5,1
225.0,124.0,1
225.0,124.5,1
225.0,127.0,1
225.0,127.5,1
225.0,128.0,1
225.0,129.0,1
225.0,129.5,1
225.0,131.0,1
225.0,131.5,1
225.0,132.0,1
225.0,133.5,2
225.0,134.0,1
225.0,135.5,1
225.0,136.0,2
225.0,138.5,1
225.0,140.5,1
225.0,141.0,1
225.0,143.5,1
225.0,144.5,1
225.0,145.0,1
225.0,147.0,1
225.0,148.0,1
225.0,149.0,2
225.0,149.5,3
225.0,151.5,1
225.0,152.0,1
225.0,153.0,1
225.0,156.0,2
225.0,157.5,1
225.0,158.0,1
225.0,158.5,1
225.0,159.5,1
225.0,160.0,1
225.0,162.0,1
225.0,163.5,1
225.0,166.5,1
225.0,170.0,1
225.0,171.5,1
225.0,174.0,1
225.0,174.5,1
225.0,175.0,1
225.0,175.5,2
225.0,179.0,1
225.0,179.5,1
225.0,180.5,1
225.0,181.0,2
225.0,182.0,1
225.0,183.0,1
225.0,183.5,2
225.0,184.5,1
225.0,185.5,1
225.0,187.0,1
225.0,187.5,1
225.0,188.5,1
225.0,189.5,1
225.0,191.0,1
225.0,193.0,1
225.0,193.5,1
225.0,195.5,1
225.0,196.0,1
225.0,196.5,1
225.0,197.0,1
225.0,198.0,1
225.0,198.5,1
225.0,199.0,1
225.0,201.0,1
225.0,203.0,1
225.0,203.5,1
225.0,204.0,1
225.0,205.0,1
225.0,205.5,1
225.0,206.0,1
225.0,207.0,1
225.0,208.5,1
225.0,209.0,1
225.0,210.0,2
225.0,211.0,1
225.0,212.0,2
225.0,213.0,1
225.0,213.5,1
225.0,215.0,1
225.0,217.0,2
225.0,218.0,1
225.0,218.5,1
225.0,225.0,1
225.0,227.0,1
225.0,227.5,1
225.0,228.5,1
225.0,229.5,2
225.0,230.0,1
225.0,233.0,2
225.0,234.0,1
225.0,237.0,1
225.0,237.5,2
225.0,238.0,1
225.0,240.0,1
225.0,240.5,1
225.0,241.5,1
225.0,244.5,1
225.0,246.5,1
225.0,247.5,1
225.0,249.0,1
225.0,250.0,1
225.0,251.5,1
225.0,252.5,1
225.0,256.0,2
225.0,258.5,1
225.0,259.0,1
225.0,261.0,1
225.0,262.5,1
225.0,265.5,1
225.0,266.5,1
225.0,267.0,1
225.0,269.5,1
225.0,270.5,1
225.0,272.5,1
225.0,278.5,1
225.0,279.5,1
225.0,280.0,1
225.0,280.5,1
225.0,281.0,1
225.0,282.0,1
225.0,286.0,1
225.0,286.5,1
225.0,295.0,1
225.0,296.0,1
225.0,299.5,1
225.0,301.5,1
225.0,302.0,1
225.0,302.5,1
225.0,304.0,1
225.0,304.5,1
225.0,305.5,1
225.0,306.0,2
225.0,307.5,1
225.0,309.5,1
225.0,310.0,1
225.0,312.0,1
225.0,312.5,1
225.0,313.5,1
225.0,314.5,1
225.0,315.0,1
225.0,316.0,1
225.0,316.5,1
225.0,317.0,1
225.0,318.0,1
225.0,318.5,1
225.0,319.0,1
225.0,319.5,1
225.0,320.5,1
225.0,322.0,1
225.0,322.5,1
225.0,323.5,3
225.0,324.5,1
225.0,325.5,2
225.0,326.0,1
225.0,326.5,1
225.0,328.0,3
225.0,329.0,2
225.0,329.5,1
225.0,333.5,1
225.0,336.0,2
225.0,337.5,1
225.0,338.0,2
225.0,339.0,1
225.0,341.0,2
225.0,341.5,1
225.0,342.5,1
225.0,344.0,1
225.0,346.0,1
225.0,346.5,1
225.0,347.5,2
225.0,351.0,2
225.0,353.5,1
225.0,354.5,1
225.0,355.0,1
225.0,356.5,2
225.0,359.0,1
225.0,361.5,1
225.0,363.0,1
225.0,364.0,2
225.0,364.5,1
225.0,365.0,1
225.0,366.5,1
225.0,368.0,2
225.0,369.5,2
225.0,370.0,1
225.0,370.5,1
225.0,371.0,1
225.0,373.0,2
225.0,373.5,1
225.0,375.0,2
225.0,377.0,3
225.0,379.5,1
225.0,383.0,1
225.0,384.5,1
225.0,385.0,1
225.0,387.0,1
225.0,387.5,2
225.0,389.0,1
225.0,389.5,1
225.0,391.0,1
225.0,393.5,1
225.0,399.5,1
225.0,400.0,1
225.0,401.5,1
225.0,404.0,2
225.0,405.0,1
225.0,407.0,1
225.0,407.5,1
225.0,408.0,1
225.0,410.0,1
225.0,413.0,1
225.0,413.5,1
225.0,415.5,1
225.0,422.5,1
225.0,423.0,1
225.0,425.0,2
225.0,425.5,1
225.0,427.0,1
225.0,427.5,1
225.0,428.0,1
225.0,429.0,1
225.0,431.0,1
225.0,433.0,1
225.0,433.5,1
225.0,434.5,1
225.0,435.0,1
225.0,437.0,1
225.0,441.5,1
225.0,443.0,1
225.0,444.5,1
225.0,445.0,1
225.0,446.0,1
225.0,448.0,1
225.0,449.5,2
225.0,450.5,1
225.0,452.0,1
225.0,452.5,1
225.0,453.0,2
225.0,453.5,2
225.0,454.5,1
225.0,456.0,1
225.0,456.5,2
225.0,457.0,2
225.0,457.5,2
225.0,458.5,1
225.0,459.0,2
225.0,459.5,2
225.0,460.5,2
225.0,461.0,1
225.0,462.0,3
225.0,463.5,1
225.0,464.5,1
225.0,465.0,3
225.0,465.5,2
225.0,466.0,2
225.0,466.5,1
225.0,467.0,1
225.0,467.5,1
225.0,468.0,1
225.0,468.5,1
225.0,469.0,2
225.0,469.5,2
225.0,470.0,1
225.0,470.5,1
225.0,471.0,1
225.0,471.5,1
225.0,472.0,1
225.0,472.5,2
225.0,473.0,1
225.0,473.5,1
225.0,474.5,1
225.0,476.0,1
225.0,476.5,1
225.0,477.0,1
225.0,477.5,1
225.0,478.5,2
225.0,479.0,2
225.0,479.5,2
225.0,481.0,1
225.0,481.5,1
225.0,482.0,1
225.0,482.5,1
225.0,484.5,1
225.0,486.5,1
225.0,488.5,1
225.0,490.0,1
225.0,498.5,1
225.0,499.0,1
225.0,500.5,1
225.0,503.0,1
225.0,504.0,1
225.0,506.5,1
225.0,507.5,1
225.0,508.0,1
225.0,510.0,1
225.0,513.5,1
225.0,515.0,1
225.0,515.5,1
225.0,518.0,1
225.0,520.0,1
225.0,520.5,1
225.0,521.5,1
225.0,523.0,1
225.0,524.0,2
225.0,527.5,1
225.0,529.5,1
225.0,530.0,1
225.0,531.0,2
225.0,533.0,2
225.0,533.5,1
225.0,534.5,1
225.0,537.0,1
225.0,538.0,1
225.0,539.0,1
225.0,539.5,1
225.0,542.0,1
225.0,544.0,1
225.0,544.5,1
225.0,545.0,2
225.0,546.0,3
225.0,548.0,2
225.0,549.0,3
225.0,550.5,1
225.0,551.5,1
225.0,552.0,1
225.0,553.5,1
225.0,554.0,1
225.0,554.5,1
225.0,555.0,1
225.0,555.5,1
225.0,556.5,2
225.0,557.5,1
225.0,559.0,1
225.0,559.5,2
225.0,560.0,1
225.0,561.5,1
225.0,567.0,1
225.0,568.0,3
225.0,569.0,1
225.0,571.0,3
225.0,573.0,2
225.0,574.0,1
225.0,574.5,1
225.0,575.5,1
225.0,576.0,1
225.0,577.0,1
225.0,578.0,1
225.0,579.0,1
225.0,579.5,1
225.0,581.5,1
225.0,583.5,1
225.0,584.0,1
225.0,584.5,1
225.0,585.5,1
225.0,587.0,1
225.0,587.5,1
225.0,589.0,1
225.0,589.5,1
225.0,590.0,1
225.0,590.5,1
225.0,591.0,2
225.0,592.0,1
225.0,592.5,2
225.0,594.0,1
225.0,594.5,1
225.0,595.5,2
225.0,596.5,2
225.0,597.0,2
225.0,598.0,1
225.0,598.5,2
225.0,600.0,1
225.0,602.0,1
225.0,602.5,3
225.0,604.0,1
225.0,605.0,1
225.0,605.5,1
225.0,606.5,1
225.0,608.5,2
225.0,609.0,1
225.0,612.0,2
225.0,613.5,1
225.0,614.0,1
225.0,615.0,1
225.0,616.5,2
225.0,617.5,1
225.0,618.0,1
225.0,618.5,1
225.0,619.0,1
225.0,619.5,1
225.0,622.5,1
225.0,623.5,2
225.0,625.0,1
225.0,625.5,1
225.0,626.5,1
225.0,627.5,1
225.0,630.5,1
225.0,632.0,1
225.0,633.0,1
225.0,635.5,1
225.0,636.0,1
225.0,637.5,1
225.0,640.0,1
225.0,641.5,1
225.0,652.5,1
225.0,653.0,1
225.0,654.0,2
225.0,656.0,1
225.0,657.5,1
225.0,663.5,2
225.0,665.5,2
225.0,666.0,2
225.0,667.0,1
225.0,667.5,1
225.0,669.5,2
225.0,670.0,1
225.0,671.0,1
225.0,671.5,1
225.0,672.5,1
225.0,673.5,1
225.0,676.5,1
225.0,677.0,1
225.0,678.5,1
225.0,679.5,1
225.0,680.0,1
225.0,681.5,1
225.0,682.5,2
225.0,683.5,1
225.0,684.0,1
225.0,684.5,2
225.0,685.0,1
225.0,685.5,2
225.0,686.5,2
225.0,687.0,1
225.0,687.5,1
225.0,688.0,1
225.0,689.5,1
225.0,690.0,2
225.0,693.5,1
225.0,695.0,2
225.0,695.5,1
225.0,696.5,1
225.0,697.5,1
225.0,698.0,1
225.0,699.0,1
225.0,700.5,1
225.0,701.0,1
225.0,702.5,1
225.0,703.0,2
225.0,704.5,1
225.0,705.0,1
225.0,705.5,1
225.0,708.0,1
225.0,711.0,1
225.0,712.0,1
225.0,713.0,1
225.0,716.5,1
225.0,717.0,1
225.0,718.5,2
225.0,720.0,1
225.0,723.0,1
225.0,725.0,1
225.0,726.5,1
225.0,727.0,2
225.0,730.5,1
225.0,731.0,1
225.0,733.5,1
225.0,734.0,1
225.0,735.0,1
225.0,735.5,2
225.0,736.0,1
225.0,739.0,1
225.0,739.5,1
225.0,740.0,1
225.0,740.5,2
225.0,741.5,1
225.0,742.5,2
225.0,743.5,1
225.0,744.5,1
225.0,745.0,1
225.0,746.0,1
225.0,747.0,1
225.0,747.5,2
225.0,748.0,1
225.0,748.5,1
225.0,749.5,2
225.0,750.5,2
225.0,751.0,1
225.0,753.0,1
225.0,753.5,2
225.0,760.0,1
225.0,765.0,1
225.0,767.0,1
225.0,767.5,1
225.0,769.0,1
225.0,771.0,1
225.0,771.5,1
225.0,775.0,1
225.0,775.5,2
225.0,776.5,1
225.0,777.0,1
225.0,777.5,1
225.0,780.0,1
225.0,781.0,1
225.0,781.5,1
225.0,782.0,1
225.0,783.5,1
225.0,784.5,1
225.0,787.0,1
225.0,788.0,1
225.0,788.5,1
225.0,789.0,1
225.0,789.5,1
225.0,790.0,1
225.0,790.5,2
225.0,791.5,1
225.0,792.5,2
225.0,793.5,2
225.0,794.0,1
225.0,795.0,1
225.0,795.5,1
225.0,796.0,2
225.0,796.5,1
225.0,797.0,1
225.0,799.0,1
225.0,799.5,1
225.0,800.0,1
225.0,801.0,1
225.0,802.5,2
225.0,803.0,1
225.0,803.5,1
225.0,806.0,1
225.0,807.0,1
225.0,808.5,1
225.0,809.0,1
225.0,810.5,1
225.0,812.5,2
225.0,813.5,1
225.0,816.0,2
225.0,817.5,2
225.0,818.0,1
225.0,819.5,3
225.0,820.5,1
225.0,821.5,1
225.0,823.5,1
225.0,825.5,1
225.0,826.0,1
225.0,826.5,1
225.0,827.0,1
225.0,827.5,1
225.0,828.5,1
225.0,834.5,1
225.0,837.0,1
225.0,837.5,1
225.0,838.5,1
225.0,840.5,1
225.0,841.0,1
225.0,842.5,1
225.0,851.5,1
225.0,853.5,1
225.0,855.5,1
225.0,862.5,1
225.0,864.0,2
225.0,864.5,1
225.0,866.5,1
225.0,869.0,2
225.0,871.5,1
225.0,872.0,1
225.0,872.5,2
225.0,873.5,1
225.0,874.0,1
225.0,877.0,1
225.0,879.0,1
225.0,880.0,1
225.0,882.5,1
225.0,883.5,1
225.0,884.0,1
225.0,887.0,1
225.0,888.5,1
225.0,889.0,1
225.0,891.0,1
225.0,891.5,1
225.0,892.0,1
225.0,892.5,1
225.0,893.0,1
225.0,893.5,1
225.0,896.5,1
225.0,897.0,1
225.0,898.0,1
225.0,899.0,2
225.0,900.0,2
225.0,901.0,1
