vehicle_id,vehicle_class,crossing_time_s
38,1,39.26016953633884
55,1,46.00848938567544
61,1,47.33589543946782
67,6,47.15167792659983
68,1,48.50354556684975
69,1,48.14543084005492
70,1,49.027429840203816
71,1,50.51536594805893
124,1,76.02880700239045
127,1,77.0279400103331
130,5,78.09901966538166
131,1,80.18177566698405
137,1,83.35639484937246
140,1,84.09758730034164
144,1,87.27471611932621
164,1,115.34867961588881
194,1,129.5431397051276
198,1,130.06985835373527
200,1,131.2442720419009
203,1,132.04739147867286
207,2,134.20489032494845
208,1,135.10508427621227
210,6,134.67143594552937
211,1,136.71296643277722
212,1,136.23640462661444
216,6,141.01800331804628
220,1,143.1608362808637
223,2,143.5513989407129
227,1,145.1920606257163
228,1,144.171235225989
232,1,146.3518791454445
234,2,148.07219708265714
246,6,158.06639495556328
248,1,158.84195634525295
250,1,159.35917083492257
261,1,165.07936968645103
263,1,165.65824105609266
264,1,165.78829023454114
270,1,169.70903493444126
274,1,169.5839260703625
275,1,169.5137214591534
276,1,170.91319676197833
286,1,177.31494685579153
287,1,176.5228812269252
292,1,178.4403939901505
293,1,177.9007697830913
296,1,178.8367543533783
299,1,180.0986584771854
301,1,180.55579912456477
302,1,180.42281425691147
303,1,180.01446319328988
314,1,184.7067039879911
317,2,186.06986146637428
323,2,189.03234307944658
325,6,190.72928343243436
335,1,193.53658081598547
352,1,204.61004872398033
353,6,204.57456291804957
363,6,213.70706165414583
365,1,214.6651665495073
388,1,231.29331526390692
404,1,241.29499062617288
405,1,242.34734851924668
411,1,246.03422275649208
412,1,246.71674322226224
413,1,247.94019595826418
432,1,265.849497192913
433,6,266.58819883774163
440,1,271.21043049621267
442,1,271.55060552960185
463,6,286.33497276416267
482,1,295.1607384577684
484,6,296.0723606244141
486,1,295.72374513741124
487,1,296.6712303482969
491,6,297.8077989528795
507,1,305.50767769213
508,1,306.1340158568713
513,1,309.1081552024824
528,1,322.2485011014982
541,1,329.1727970036212
544,1,329.78994233574656
562,1,344.54998735866536
589,6,360.8214348594365
594,6,362.5294163972543
598,1,363.59231766695507
603,1,364.3279640438912
611,6,369.3192273806911
613,6,370.0437009209613
615,1,370.93635413624014
616,1,372.00414342177726
645,6,404.2591931546917
655,1,411.2539566540153
680,1,422.41215673182495
712,1,435.56994919581194
719,1,438.5851303726065
735,1,443.74926788172655
740,1,445.3267054017404
768,1,457.13362509659845
792,1,472.5674140489288
909,6,544.1662339222872
955,1,563.2485583949624
957,1,563.6835636903951
974,6,573.599557869168
977,1,575.1955679809594
990,1,579.6466761966805
1020,1,596.0113130899554
1049,6,613.1804909679213
1112,1,660.1999326775673
1119,6,663.1069817539918
1127,6,667.1004598652037
1129,6,667.0472820765415
1217,6,715.3798951603352
1218,1,716.0299184300299
1225,2,718.6733651870808
1298,6,764.5149292601445
1378,2,802.1782535796146
1424,6,825.5243534478622
1463,1,860.3757821737977
1465,2,857.0028101239864
1472,4,867.0167000377115
1486,1,876.0091055464432
1492,2,878.0087641666933
1497,6,882.6640104998208
1500,1,882.0674947843061
