vehicle_id,vehicle_class,first_time_s,first_x_m,depart_s,persona
2,1,12.0,23.458057437708494,9.0,P3
3,1,13.0,33.52552808139155,10.0,P2
4,1,16.0,31.703613324117224,13.0,P3
5,3,17.0,22.723555099251577,14.0,BG
6,1,18.0,18.17301612788067,15.0,P2
7,1,19.0,18.668559256753063,16.0,P1
8,2,19.0,32.45663937303781,16.0,P1
9,2,20.0,32.49222327168589,17.0,P2
10,2,21.0,17.76146905599553,18.0,P2
11,1,22.0,19.2006764392139,19.0,P1
12,1,22.0,19.023880511446624,19.0,P1
13,2,23.0,27.328513842141213,20.0,P2
14,1,23.0,19.789822230462544,20.0,P1
15,1,25.0,23.333424003001838,22.0,P2
16,1,25.0,12.879988073197003,22.0,P3
17,1,26.0,21.665393305266587,23.0,P1
18,1,27.0,20.272756047151294,24.0,P1
19,1,28.0,23.37928996161818,25.0,P3
20,1,28.0,17.525580772226782,25.0,P1
21,2,29.0,21.99949721594353,26.0,P2
22,1,29.0,25.107367409953913,26.0,P2
23,1,30.0,23.763378470432002,27.0,P2
24,1,31.0,27.493435052304804,28.0,P3
25,1,32.0,29.92015880424287,29.0,P1
26,1,32.0,25.486443830416604,29.0,P1
27,1,33.0,19.844078962219683,30.0,P1
28,1,34.0,18.171593558598126,31.0,P1
29,1,34.0,27.783386371681463,31.0,P1
30,2,35.0,27.218309793822844,32.0,P1
31,1,35.0,23.004518627665462,32.0,P3
32,1,35.0,20.03153073349595,32.0,P3
33,1,37.0,27.375945741257013,34.0,P1
34,1,37.0,22.209810714995744,34.0,P1
35,2,37.0,23.395249047894076,34.0,P1
36,2,39.0,29.40895219922747,36.0,P2
37,1,39.0,18.20651175528072,36.0,P1
38,1,39.0,5.4560256223674335,36.0,P2
39,1,40.0,19.81385234462794,37.0,P1
40,1,41.0,34.679103099104815,38.0,P3
41,1,41.0,10.737586789395879,38.0,P2
42,6,41.0,14.630528036140992,38.0,P1
43,6,41.0,23.526900860464316,38.0,P1
44,2,42.0,26.861990791253305,39.0,P2
45,1,42.5,15.918845522846143,39.5,P2
46,1,43.0,19.783139622559915,40.0,P1
47,2,43.0,30.167824937947742,40.0,P1
48,1,44.0,10.989056395198086,41.0,P3
49,4,44.0,24.85962036580099,41.0,BG
50,1,44.0,12.518080808707515,41.0,P3
51,1,44.0,16.74191559056955,41.0,P2
52,1,44.0,10.821556315019714,41.0,P3
53,1,45.0,30.136568457909675,42.0,P3
54,1,45.0,13.997905970832274,42.0,P1
55,1,46.0,9.922273802366044,43.0,P1
56,1,46.0,27.035227730252238,43.0,P1
57,1,46.0,22.056872442289805,43.0,P2
58,1,47.0,13.279500484379831,44.0,P1
59,6,47.0,27.816816278590117,44.0,P1
60,1,47.0,26.731855845367143,44.0,P3
61,1,47.0,4.590491034621684,44.0,P2
62,1,47.0,10.831910015308726,44.0,P1
63,1,47.0,16.89864629865583,44.0,P2
64,1,47.0,26.16729019447986,44.0,P3
65,1,47.0,29.784463994605506,44.0,P1
66,1,47.0,12.30229974044952,44.0,P1
67,6,47.0,8.345658796308351,44.0,P1
68,1,48.0,3.66081878147315,45.0,P1
69,1,48.0,7.826815474655209,45.0,P3
70,1,49.0,9.70303152587183,46.0,P1
71,1,50.0,3.009298254357698,47.0,P1
72,1,50.0,18.027410222553534,47.0,P2
73,1,51.0,21.58945427973896,48.0,P1
74,2,52.0,23.34449437809594,49.0,P2
75,3,53.0,15.588169839400068,50.0,BG
76,2,54.0,20.904505136054443,51.0,P2
77,2,55.0,16.314182767587155,52.0,P2
78,2,56.0,33.53949269906962,53.0,P2
79,2,57.0,20.902987291393632,54.0,P1
80,1,57.0,22.81240693071277,54.0,P1
81,1,58.0,16.02721036019089,55.0,P1
82,2,58.0,16.89824202386067,55.0,P1
83,1,58.0,41.94319408351472,55.0,P2
84,1,59.0,44.319378525170016,56.0,P1
85,1,59.0,37.21661355587832,56.0,P2
86,2,59.0,16.206058328999795,56.0,P1
87,2,59.0,19.05384404653598,56.0,P2
88,1,60.0,21.112520130637517,57.0,P1
89,2,60.0,22.916613157196508,57.0,P2
90,1,60.0,15.614645905434529,57.0,P1
91,2,60.5,31.430964686384964,57.5,P1
92,1,61.0,20.27799461051715,58.0,P2
93,1,62.0,19.59926749060844,59.0,P1
94,1,63.0,13.179772890807126,60.0,P2
95,2,63.0,34.262732813522106,60.0,P1
96,1,64.0,14.645344837530853,61.0,P1
97,1,64.0,18.53196949309142,61.0,P3
98,2,64.0,30.746423856846917,61.0,P1
99,1,65.0,22.191280371969256,62.0,P2
100,1,66.0,20.89129209931033,63.0,P1
101,2,67.0,31.009187819184405,64.0,P1
102,2,68.0,25.227660711033714,65.0,P1
103,1,68.0,23.393448127258292,65.0,P1
104,1,69.0,19.0304392484471,66.0,P1
105,1,69.0,22.987175515770126,66.0,P1
106,6,69.0,15.916915448846861,66.0,P1
107,1,70.0,35.1824433296159,67.0,P1
108,1,70.0,24.467920083758926,67.0,P2
109,2,70.0,18.49050359366873,67.0,P1
110,1,70.0,24.49017828992464,67.0,P1
111,2,71.0,32.185872884168354,68.0,P1
112,1,71.0,15.22513391565001,68.0,P1
113,2,72.0,29.374976570798136,69.0,P2
114,1,72.0,30.85371273862856,69.0,P2
115,1,73.0,28.13487233818212,70.0,P3
116,1,73.0,16.21930966932542,70.0,P1
117,6,73.0,21.951881874398165,70.0,P1
118,1,74.0,34.548757898227244,71.0,P2
119,1,74.0,20.70058128842226,71.0,P2
120,6,74.0,14.061786296383573,71.0,P1
121,1,75.0,11.626582962380237,72.0,P2
122,2,75.0,27.711804728182475,72.0,P2
123,1,76.0,12.03706202095458,73.0,P1
124,1,76.0,9.404345132771802,73.0,P3
125,2,76.0,14.853414427860265,73.0,P1
126,6,77.0,21.335155257991378,74.0,P1
127,1,77.0,9.750631783422486,74.0,P2
128,6,78.0,13.335325246753253,75.0,P1
130,5,78.0,8.183917381082848,75.0,BG
129,1,78.5,17.814905719406816,75.5,P1
131,1,80.0,7.676136796436716,77.0,P3
132,1,80.0,19.893465290914406,77.0,P1
133,2,81.0,20.287495644576154,78.0,P1
134,1,81.0,10.046760103167074,78.0,P1
135,4,82.0,16.39809314800463,79.0,BG
136,3,83.0,16.671914641226348,80.0,BG
137,1,83.0,4.377488471635355,80.0,P1
138,1,83.0,11.86230986958262,80.0,P1
140,1,84.0,8.494864366804716,81.0,P1
141,2,84.0,14.821066787148627,81.0,P2
142,1,85.0,11.1387188035757,82.0,P1
139,2,85.5,33.53814939423289,82.5,P1
143,2,86.0,18.485448744366334,83.0,P1
144,1,87.0,4.351024849737199,84.0,P1
145,2,87.0,25.206849253955173,84.0,P1
146,2,89.0,18.984903019533466,86.0,P2
147,4,94.0,24.763422168492138,91.0,BG
148,2,94.0,19.145836455807864,91.0,P1
149,3,105.0,20.35707320833296,102.0,BG
150,3,106.0,26.41294865393343,103.0,BG
151,6,107.0,19.770155072246432,104.0,P1
152,1,108.0,15.921908497580619,105.0,P3
153,6,108.0,19.17167966584879,105.0,P1
154,2,108.0,16.86570295448828,105.0,P1
155,1,110.0,21.62463280481313,107.0,P1
156,1,110.0,17.102647370815607,107.0,P3
157,1,111.0,24.450212527434825,108.0,P1
158,1,111.0,13.261628014547727,108.0,P1
159,2,111.0,33.83399266838664,108.0,P1
160,2,111.0,29.58012546220897,108.0,P1
161,6,112.0,17.796813579932348,109.0,P1
162,1,112.0,24.030937632149254,109.0,P3
163,3,114.0,21.1765005757891,111.0,BG
164,1,115.0,4.916010527299864,112.0,P1
165,1,115.0,19.56801515894858,112.0,P1
166,2,115.0,16.738769534599513,112.0,P1
167,3,117.0,18.18910939524296,114.0,BG
168,2,117.5,23.46985786430876,114.5,P1
169,1,118.0,21.3906808982738,115.0,P3
170,1,118.0,13.603724079016652,115.0,P3
171,1,118.0,19.758205728047137,115.0,P2
172,2,118.0,24.801016374390855,115.0,P1
173,1,119.5,29.72595714080357,116.5,P2
174,1,122.0,16.337517723584604,119.0,P1
175,6,122.0,16.31753959839412,119.0,P1
176,5,122.0,17.355162195134774,119.0,BG
177,1,122.0,29.350214302840318,119.0,P3
178,1,122.0,22.412007269825363,119.0,P1
179,6,123.0,13.241859269235427,120.0,P2
180,6,123.0,16.165772394436367,120.0,P1
181,1,123.0,22.401058307562693,120.0,P1
184,2,123.5,23.716401483907894,120.5,P1
182,1,125.0,30.630235720787923,122.0,P1
185,1,125.0,19.824227294794092,122.0,P1
186,2,125.0,20.8199678203976,122.0,P1
183,1,125.5,26.96889498564657,122.5,P1
187,2,125.5,10.123663023361681,122.5,P1
188,1,126.5,19.737520295533184,123.5,P2
189,1,127.5,11.678619895610874,124.5,P3
191,1,128.5,17.25484196341936,125.5,P1
192,3,128.5,17.63022399508628,125.5,BG
190,1,129.0,17.254394833214793,126.0,P2
193,2,129.0,14.23278734154534,126.0,P1
194,1,129.0,5.97950469897999,126.0,P1
196,1,129.5,13.203347870005377,126.5,P1
197,1,129.5,18.153596913436125,126.5,P1
198,1,130.0,8.938676048100168,127.0,P1
199,2,130.0,16.57642130853709,127.0,P1
200,1,131.0,7.790698146488499,128.0,P3
195,2,131.5,42.65659244759272,128.5,P2
201,2,131.5,18.24667744415001,128.5,P1
202,1,132.0,17.237860150497905,129.0,P2
203,1,132.0,9.639018339910015,129.0,P2
206,1,132.0,24.884717466834083,129.0,P1
204,2,132.5,12.189622926454499,129.5,P2
205,2,132.5,10.942924600876943,129.5,P2
207,2,134.0,7.53302532034843,131.0,P1
208,1,134.0,2.6969462714327666,131.0,P2
210,6,134.5,6.642422384527212,131.5,P1
209,2,135.0,14.483381154544576,132.0,P1
211,1,136.0,6.3722404771983765,133.0,P2
212,1,136.0,8.27659836398548,133.0,P2
213,1,138.5,12.149680290058914,135.5,P1
214,1,138.5,11.557592455420497,135.5,P2
215,1,139.0,18.00879902902619,136.0,P2
216,6,141.0,9.759855564101212,138.0,P2
217,1,141.5,19.59569255741401,138.5,P2
218,1,142.0,15.918831003370949,139.0,P2
219,1,142.5,17.79325471882355,139.5,P2
220,1,143.0,8.356605072808371,140.0,P1
222,1,143.0,21.639362556434683,140.0,P1
221,1,143.5,12.722326579403507,140.5,P1
223,2,143.5,9.15883484250946,140.5,P2
224,1,143.5,12.59081649986714,140.5,P1
225,1,143.5,10.96191974937992,140.5,P3
226,2,143.5,17.082751567378818,140.5,P2
228,1,144.0,7.763812189249201,141.0,P1
227,1,144.5,3.117289454850448,141.5,P3
229,1,145.0,11.27614517328471,142.0,P3
230,1,145.5,10.197162121060035,142.5,P1
231,2,145.5,17.751214567505823,142.5,P2
232,1,146.0,5.886234726757433,143.0,P1
233,1,147.0,14.752142450557772,144.0,P2
234,2,148.0,8.999521759781405,145.0,P2
235,3,151.0,21.256233900286404,148.0,BG
236,1,152.0,11.06085995275563,149.0,P1
237,1,154.0,15.338958561703553,151.0,P1
238,1,154.5,24.535255373692745,151.5,P1
240,2,155.0,28.092186340699822,152.0,P1
239,1,155.5,24.445197402084336,152.5,P2
242,2,155.5,12.231542487594869,152.5,P1
241,1,156.0,10.84847976658486,153.0,P2
243,1,156.5,18.178488511110668,153.5,P3
244,1,157.5,17.431407459442923,154.5,P1
245,2,158.0,15.969012863309374,155.0,P1
246,6,158.0,9.380273494100477,155.0,P1
247,1,158.5,15.228591468050965,155.5,P3
248,1,158.5,5.426127239937237,155.5,P2
249,1,159.0,19.30633488760831,156.0,P2
250,1,159.0,7.032653449644744,156.0,P1
252,2,159.5,13.842747518242934,156.5,P2
253,1,160.0,10.477349029605843,157.0,P1
255,2,160.0,21.602744298316995,157.0,P2
251,1,160.5,21.998658878040235,157.5,P2
254,1,161.0,16.84273558210177,158.0,P1
256,2,161.0,19.93295055332612,158.0,P1
257,2,161.0,16.866780143691766,158.0,P1
258,3,162.5,18.771575748776975,159.5,BG
259,1,163.5,15.611033595419416,160.5,P2
260,2,165.0,26.107271861718473,162.0,P1
261,1,165.0,8.750833868046326,162.0,P2
262,1,165.0,29.104555603865666,162.0,P2
263,1,165.5,8.733740175399257,162.5,P1
264,1,165.5,7.355009627985057,162.5,P1
265,2,166.0,17.812408745128018,163.0,P1
266,2,166.5,15.220752439621092,163.5,P2
267,2,167.0,15.0121736283186,164.0,P1
269,1,167.5,19.266397350500245,164.5,P3
268,1,168.0,14.223038238434969,165.0,P1
270,1,168.5,2.79995900389964,165.5,P2
271,2,168.5,10.038025685597177,165.5,P1
272,1,169.0,15.825541922396477,166.0,P1
273,1,169.5,11.384703885904988,166.5,P1
274,1,169.5,8.110455254796479,166.5,P2
275,1,169.5,9.824669551994475,166.5,P3
276,1,170.5,6.65463464859944,167.5,P1
277,1,171.5,13.032516880298143,168.5,P2
278,2,173.0,24.207537575985413,170.0,P1
279,6,173.5,13.45053389322664,170.5,P1
280,2,174.0,27.47193731912083,171.0,P2
281,2,174.5,14.91100272290113,171.5,P1
282,2,174.5,15.987850917808753,171.5,P2
283,1,176.0,24.902057926057356,173.0,P3
284,2,176.0,16.15605793299651,173.0,P1
285,2,176.0,23.666070960460065,173.0,P2
288,1,176.0,11.83982054649095,173.0,P1
286,1,176.5,3.3614114040855916,173.5,P1
287,1,176.5,9.735221084468003,173.5,P1
289,1,177.0,21.036910532349292,174.0,P2
290,1,177.5,16.4818794686742,174.5,P1
291,1,177.5,12.349868753634466,174.5,P2
292,1,177.5,2.4889906406077795,174.5,P1
293,1,177.5,6.787958349947346,174.5,P1
294,1,177.5,19.811405612266544,174.5,P1
295,1,178.5,16.989186658182653,175.5,P1
296,1,178.5,6.89125634987028,175.5,P2
297,1,179.0,11.706497982178833,176.0,P3
298,1,179.0,19.369143826122208,176.0,P1
299,1,179.5,6.456585285633154,176.5,P1
301,1,180.0,4.330898013545971,177.0,P3
302,1,180.0,4.052887990814612,177.0,P1
303,1,180.0,9.79419507342398,177.0,P3
304,2,180.0,19.383623235862906,177.0,P1
300,1,180.5,16.493859847861486,177.5,P2
305,1,182.0,17.672975624832112,179.0,P2
306,1,182.0,19.103092436739377,179.0,P1
307,1,182.0,18.275202360135424,179.0,P1
309,1,182.5,14.547881045357911,179.5,P1
310,2,183.0,13.679534910955457,180.0,P2
308,2,183.5,34.716948165909876,180.5,P1
311,2,183.5,22.748883097600302,180.5,P2
312,6,183.5,13.145174877549728,180.5,P1
313,1,183.5,13.784624870055627,180.5,P3
314,1,184.5,7.821384049298789,181.5,P2
315,2,185.0,12.772970226736243,182.0,P1
317,2,186.0,9.121145768511136,183.0,P1
316,1,187.5,38.58695038207378,184.5,P1
319,1,187.5,23.76929224530539,184.5,P3
318,1,188.0,20.45516783034186,185.0,P1
320,2,188.5,13.726346912124853,185.5,P1
321,1,188.5,23.147915341137228,185.5,P3
322,2,188.5,20.192608094421004,185.5,P1
323,2,189.0,9.640417960979413,186.0,P2
324,2,189.5,10.91692904058084,186.5,P2
325,6,190.0,6.789946481451094,187.0,P1
326,2,190.0,14.494965615890305,187.0,P1
327,1,191.5,16.15585558720927,188.5,P1
328,2,191.5,15.718845245624205,188.5,P1
329,1,192.0,26.914559138828043,189.0,P2
330,1,192.5,12.52479622186788,189.5,P3
331,1,192.5,10.646863195364693,189.5,P1
332,1,192.5,17.45254588974109,189.5,P1
333,5,192.5,19.00948571591364,189.5,BG
334,2,193.5,23.30915780116961,190.5,P2
335,1,193.5,9.579477855922732,190.5,P1
336,2,194.5,36.19399390187649,191.5,P1
337,2,194.5,15.265881168145858,191.5,P1
338,3,196.0,19.499581378590094,193.0,BG
339,2,196.0,14.48225852455541,193.0,P2
340,1,198.0,19.232875005850612,195.0,P3
341,2,198.0,16.212834228440688,195.0,P1
342,2,199.0,13.130469575827844,196.0,P1
343,1,199.0,14.916283530068299,196.0,P3
344,2,199.5,10.134780409900854,196.5,P1
345,2,199.5,32.09572617268587,196.5,P1
347,1,200.0,14.8525695819667,197.0,P1
346,1,200.5,26.478757149237172,197.5,P1
348,1,201.5,22.206151579691205,198.5,P2
349,6,202.0,12.020556305123135,199.0,P1
350,1,203.5,16.903280216121416,200.5,P3
351,1,204.0,16.24314746537936,201.0,P2
353,6,204.0,5.773487011192169,201.0,P1
352,1,204.5,8.396269567609052,201.5,P1
354,1,205.0,15.41142877423225,202.0,P3
355,2,206.5,24.49121043610716,203.5,P2
356,5,208.5,18.722082088883393,205.5,BG
357,1,209.0,24.978790738938102,206.0,P2
358,6,211.0,13.661587985701583,208.0,P1
359,2,211.5,16.986172612164363,208.5,P1
360,2,212.5,19.750353406500622,209.5,P1
361,2,212.5,20.263158670094892,209.5,P1
362,1,212.5,12.445320554939398,209.5,P1
363,6,213.5,6.685651836405164,210.5,P2
364,6,214.5,12.108867824903461,211.5,P2
365,1,214.5,7.336467334671778,211.5,P1
366,6,216.5,18.54200621784252,213.5,P2
367,1,217.5,12.818066711962711,214.5,P1
368,6,219.0,17.717175872848127,216.0,P2
369,6,219.5,20.959035491850358,216.5,P2
370,2,220.0,33.87450191648581,217.0,P2
371,1,222.5,22.077481663876185,219.5,P3
372,1,222.5,19.269302560515158,219.5,P1
373,6,223.5,12.219157507393149,220.5,P1
374,1,224.0,18.44972320676142,221.0,P1
375,1,224.0,24.320046785661088,221.0,P1
376,2,225.0,25.978962614525994,222.0,P1
377,6,226.0,16.790861448755123,223.0,P1
378,1,226.5,15.335808349417947,223.5,P2
379,2,226.5,28.730614617553037,223.5,P1
380,2,227.0,28.557728972251347,224.0,P1
381,1,227.5,18.193480130850258,224.5,P1
382,1,228.0,15.926761169337173,225.0,P1
383,2,228.5,25.55464548957986,225.5,P2
384,6,230.0,15.920123931715741,227.0,P1
385,1,230.5,11.859638354220763,227.5,P1
386,2,230.5,22.410486447831005,227.5,P1
387,1,231.0,17.11002564530935,228.0,P1
388,1,231.0,6.531098931556206,228.0,P1
389,1,231.5,15.151546877877411,228.5,P1
390,2,232.0,23.64125367015237,229.0,P1
391,6,233.0,20.054701931453852,230.0,P2
392,1,233.5,20.180860782818396,230.5,P1
393,2,234.0,22.379430701142336,231.0,P1
394,6,234.5,23.755013606817574,231.5,P1
395,2,235.0,13.265811523188125,232.0,P1
396,2,236.0,15.286884237340042,233.0,P2
397,2,236.5,22.415420448199196,233.5,P1
398,2,236.5,21.270916868658013,233.5,P1
399,5,238.0,17.13210209811839,235.0,BG
400,1,238.5,15.091311866712752,235.5,P1
401,1,239.5,24.200886075497216,236.5,P1
402,1,240.5,16.730855593768123,237.5,P2
403,1,241.0,14.481394498308296,238.0,P3
404,1,241.0,5.518697830145425,238.0,P1
405,1,242.0,5.553167626207727,239.0,P1
406,1,242.5,22.104605963834747,239.5,P1
407,6,244.0,17.369091337358842,241.0,P1
408,2,244.0,27.340034079987802,241.0,P1
409,1,245.0,30.05332410735816,242.0,P1
410,2,245.0,23.791686482975347,242.0,P1
411,1,245.0,3.3615643946087896,242.0,P1
412,1,246.5,7.7593293054348225,243.5,P1
413,1,247.5,5.238089303845368,244.5,P1
414,6,248.0,15.05277729909243,245.0,P2
415,6,250.0,13.949871220045754,247.0,P1
416,1,250.5,23.65292561993589,247.5,P2
417,2,251.5,25.209861335572963,248.5,P1
418,1,253.5,21.624188523335942,250.5,P3
419,1,254.0,22.3080354299056,251.0,P1
420,6,254.0,12.432901087767508,251.0,P1
421,2,255.0,17.50907213152457,252.0,P2
422,5,255.0,14.99420651126043,252.0,BG
423,1,257.0,10.933160563035967,254.0,P2
424,6,257.0,15.595707186897744,254.0,P2
425,1,257.0,16.153167485486698,254.0,P3
426,1,257.0,20.022819744902776,254.0,P2
427,1,258.0,16.00238214502907,255.0,P1
428,1,260.5,28.231374741532207,257.5,P1
429,3,262.5,17.304648930003356,259.5,BG
430,1,264.0,11.118294614316401,261.0,P1
431,2,264.5,32.85193054726009,261.5,P1
432,1,265.0,3.682576499209387,262.0,P1
433,6,266.5,9.021362121036459,263.5,P1
434,6,267.0,22.678767779228185,264.0,P2
435,1,268.5,12.437845073489727,265.5,P2
436,1,269.0,17.537089570304644,266.0,P3
437,1,269.0,21.23930962109137,266.0,P1
438,1,269.0,17.70162044210972,266.0,P3
439,1,270.5,23.022102275587216,267.5,P1
440,1,271.0,7.283338192541635,268.0,P3
441,1,271.0,28.833008022739886,268.0,P2
442,1,271.5,9.341107033263258,268.5,P2
443,1,273.0,15.696020024552553,270.0,P1
444,2,274.0,31.605045369826527,271.0,P1
445,6,276.0,16.36163955200773,273.0,P1
446,1,277.0,18.351695341419152,274.0,P2
447,6,277.5,13.926514756497953,274.5,P2
448,2,277.5,20.78150155934366,274.5,P1
449,1,277.5,15.181208387292914,274.5,P1
450,1,278.5,21.034569880479687,275.5,P2
451,1,279.0,11.371278200755404,276.0,P1
452,1,279.0,22.461225941934565,276.0,P1
454,1,279.0,16.652195234419196,276.0,P3
453,1,279.5,18.47670638540098,276.5,P2
455,1,280.0,13.662977203388168,277.0,P1
456,1,281.5,18.74704439427757,278.5,P2
457,2,282.0,22.706528087455023,279.0,P2
458,2,283.0,17.985943757292514,280.0,P1
459,6,284.0,20.442916418885076,281.0,P2
460,6,284.5,15.032043265725665,281.5,P1
461,2,285.0,20.381094855464184,282.0,P1
463,6,286.0,5.9594653469348,283.0,P2
464,2,286.5,19.077260281547876,283.5,P2
465,2,286.5,14.627041621447361,283.5,P1
462,1,287.0,18.169072633582026,284.0,P1
466,5,288.5,16.65059193365277,285.5,BG
467,1,289.0,11.97196525889175,286.0,P1
468,6,289.0,20.286967660066207,286.0,P1
469,2,289.0,21.10059126235409,286.0,P2
470,2,290.5,23.17855411872068,287.5,P1
471,2,291.0,18.143622490804262,288.0,P1
472,2,291.5,16.638416487790906,288.5,P1
473,2,292.5,18.45396154976256,289.5,P2
474,2,292.5,17.31061488733933,289.5,P1
475,6,292.5,13.756198066026887,289.5,P1
476,1,293.0,16.110961891941166,290.0,P2
479,1,293.0,22.732293012507963,290.0,P3
477,2,293.5,11.362316753330415,290.5,P1
478,1,293.5,11.950844276756875,290.5,P1
480,2,294.0,14.591529554954908,291.0,P1
481,2,294.5,12.442252666478815,291.5,P2
483,2,294.5,15.725147123982751,291.5,P1
482,1,295.0,7.820298433954154,292.0,P2
486,1,295.5,7.445045723137593,292.5,P1
484,6,296.0,8.47319595908244,293.0,P1
485,1,296.5,15.872948600471505,293.5,P3
487,1,296.5,7.226719394151421,293.5,P1
489,2,296.5,10.085303998024191,293.5,P1
490,6,297.5,12.30428035454748,294.5,P1
491,6,297.5,7.906978484307111,294.5,P1
488,2,298.0,31.458986236538255,295.0,P1
492,6,298.0,10.563174350427166,295.0,P2
493,2,299.5,14.24624001377801,296.5,P2
494,1,300.0,23.15001861850709,297.0,P2
496,2,300.5,24.17608233609251,297.5,P1
497,1,301.0,16.9718058328016,298.0,P1
498,2,301.0,13.678141730319027,298.0,P1
495,2,301.5,24.082886638982185,298.5,P2
499,1,302.0,14.409418472827925,299.0,P2
500,1,302.5,13.840780790682542,299.5,P1
501,1,302.5,17.933974689051883,299.5,P2
502,6,302.5,12.169626348970613,299.5,P1
504,1,302.5,11.318145310477046,299.5,P3
505,2,302.5,11.777543352411962,299.5,P2
503,6,304.5,12.969706325829488,301.5,P1
506,1,304.5,18.28339132660024,301.5,P2
507,1,305.5,9.909100981776206,302.5,P2
508,1,306.0,8.17639945079318,303.0,P1
509,2,306.0,13.463513099487992,303.0,P1
511,1,307.5,11.236468055193082,304.5,P1
510,1,308.0,10.662942654946004,305.0,P1
512,2,308.0,20.842425346963875,305.0,P1
513,1,309.0,8.799837718511574,306.0,P1
514,1,309.5,17.373613618853586,306.5,P1
515,2,309.5,22.408470275941355,306.5,P2
516,1,310.5,14.001926446812634,307.5,P1
517,1,311.0,23.22645610873759,308.0,P2
518,1,311.5,14.799843170445294,308.5,P1
519,2,313.0,19.31112107124567,310.0,P1
520,1,313.5,12.057717450327887,310.5,P2
521,6,315.0,18.298015576886435,312.0,P2
522,2,317.0,37.72885966898801,314.0,P1
523,1,319.0,29.016761879822155,316.0,P2
524,2,320.0,23.62363185486867,317.0,P2
525,1,321.5,26.930905309238472,318.5,P1
526,1,321.5,20.26113739536307,318.5,P3
527,1,322.0,11.19574271696018,319.0,P2
528,1,322.0,6.536255883099511,319.0,P2
530,1,322.0,23.6156490670725,319.0,P2
529,1,322.5,17.07297948841901,319.5,P2
531,2,323.5,28.547558345081494,320.5,P1
532,2,324.0,24.32784319980098,321.0,P2
533,2,324.5,20.916866187851163,321.5,P1
534,1,325.5,21.923331145017492,322.5,P1
535,1,326.0,20.66769408756179,323.0,P2
536,3,326.5,18.18431138330761,323.5,BG
537,6,326.5,10.525084229060846,323.5,P1
538,1,328.0,11.968009333825384,325.0,P3
539,1,328.0,27.5946326941968,325.0,P3
540,2,328.0,21.100982418138422,325.0,P2
541,1,329.0,8.096918527314521,326.0,P1
543,2,329.0,19.237289431329778,326.0,P1
542,1,329.5,10.176328225475805,326.5,P1
544,1,329.5,7.194714183784748,326.5,P1
545,1,330.0,18.630474485724424,327.0,P1
546,2,330.0,16.97518028465252,327.0,P1
547,6,334.5,11.863397511450902,331.5,P1
548,3,335.5,21.240567924912884,332.5,BG
549,3,336.0,17.178522756199197,333.0,BG
550,2,337.0,21.1452887688125,334.0,P1
551,1,337.5,19.796133681270042,334.5,P1
552,1,338.0,13.1063364254559,335.0,P1
553,2,338.0,22.78997329808907,335.0,P2
554,6,339.5,25.4400221012715,336.5,P1
555,6,340.0,18.878488609011637,337.0,P1
556,3,340.5,14.156166665856928,337.5,BG
557,1,342.0,23.78530128119498,339.0,P1
558,1,342.0,19.564109176534416,339.0,P1
559,2,342.0,25.43637276988344,339.0,P2
560,1,342.0,10.339405433252514,339.0,P1
561,1,343.0,16.803963300449233,340.0,P1
562,1,344.5,9.503212700207154,341.5,P2
563,1,344.5,22.89434283978133,341.5,P2
566,2,345.0,23.09011230307265,342.0,P2
564,6,345.5,27.58207093381512,342.5,P2
565,2,345.5,21.832788631396486,342.5,P1
567,1,345.5,19.32919244993407,342.5,P1
568,3,346.5,17.7379881651625,343.5,BG
569,6,348.0,14.47804864713791,345.0,P1
570,1,348.0,15.102677820017455,345.0,P2
571,1,348.5,13.10881923761321,345.5,P2
572,1,350.0,17.051591332385918,347.0,P1
573,1,350.5,10.939697201150206,347.5,P1
574,1,351.0,19.398356970465723,348.0,P1
575,1,351.0,15.999787285155406,348.0,P3
576,2,352.0,20.79627536061579,349.0,P2
577,1,353.0,23.80642588680526,350.0,P1
578,1,353.0,13.468661367271313,350.0,P1
579,3,355.5,23.717078653376788,352.5,BG
580,2,357.0,28.21489814664505,354.0,P1
581,3,357.0,19.012988941631033,354.0,BG
582,1,357.5,15.813432138201323,354.5,P1
583,1,358.0,11.391692281391748,355.0,P1
584,1,359.0,24.26396681781455,356.0,P3
586,1,359.0,27.728930962971873,356.0,P3
585,1,359.5,24.62666337342405,356.5,P2
587,6,359.5,17.534350970629085,356.5,P1
588,6,360.5,13.54808680802516,357.5,P2
589,6,360.5,6.906238146669076,357.5,P1
590,6,361.0,22.366280878309887,358.0,P1
591,1,361.5,38.41657288837083,358.5,P2
592,2,361.5,22.64166208447231,358.5,P1
593,2,362.0,18.599966695312983,359.0,P1
594,6,362.0,5.811280854677591,359.0,P2
595,1,363.0,17.578023890668916,360.0,P2
598,1,363.5,8.876458130031535,360.5,P1
599,2,363.5,15.967432223237202,360.5,P2
596,2,364.0,36.01639838166078,361.0,P2
600,1,364.0,21.202283815989663,361.0,P3
602,1,364.0,13.8195600693084,361.0,P1
603,1,364.0,7.535986494268013,361.0,P2
606,1,364.0,17.179625621536182,361.0,P2
597,1,364.5,21.92415779894529,361.5,P3
601,1,364.5,20.53220921868736,361.5,P3
604,6,365.0,12.18998369425705,362.0,P2
605,2,365.5,13.169187040348842,362.5,P1
607,1,366.0,17.99852172598289,363.0,P3
608,6,366.0,13.308597548270365,363.0,P2
609,2,366.5,16.563669847433594,363.5,P1
610,1,369.0,15.82549596030737,366.0,P2
611,6,369.0,6.60326554516791,366.0,P1
612,2,369.0,16.809190004827872,366.0,P2
613,6,370.0,9.406001341553287,367.0,P1
614,3,370.0,21.88296101888774,367.0,BG
615,1,370.5,5.515290522118786,367.5,P3
616,1,372.0,9.95663500134015,369.0,P2
617,1,382.5,26.659699138543164,379.5,P3
618,6,384.0,15.325929276512586,381.0,P1
619,1,384.5,13.603951829683592,381.5,P1
620,1,385.0,10.633350722343172,382.0,P2
621,1,385.5,14.66454112502987,382.5,P2
622,1,387.5,14.856553915643083,384.5,P2
623,1,387.5,22.293646650866197,384.5,P2
624,1,387.5,18.955057673340082,384.5,P3
625,2,388.5,28.788727485000894,385.5,P1
626,1,389.5,17.207271425275625,386.5,P3
627,2,390.0,25.83745144578723,387.0,P2
628,1,391.5,35.46128114753672,388.5,P1
629,3,394.5,15.753953343635885,391.5,BG
630,1,396.0,28.843286766554908,393.0,P2
631,1,396.0,22.59983849794101,393.0,P2
632,2,397.5,26.654163820305282,394.5,P2
633,1,397.5,38.33297806933054,394.5,P2
634,6,399.0,17.78268862657278,396.0,P2
635,6,399.0,11.652586310591829,396.0,P1
636,1,400.0,20.339869257630646,397.0,P1
637,1,400.5,20.815757701869657,397.5,P2
638,5,401.5,22.383115770183974,398.5,BG
639,1,401.5,15.2396748941041,398.5,P1
640,6,401.5,11.53824869449975,398.5,P2
641,2,402.0,15.181576923830532,399.0,P2
642,1,402.5,21.86574356578436,399.5,P2
643,1,403.5,20.48892134385879,400.5,P2
644,1,404.0,22.34963734263474,401.0,P1
645,6,404.0,7.018638688626111,401.0,P1
646,2,405.5,22.44219218208377,402.5,P1
647,6,405.5,10.604612827395522,402.5,P2
648,6,406.5,14.436152227029726,403.5,P2
649,1,407.5,18.035879204040878,404.5,P1
650,1,408.5,32.384682909952566,405.5,P1
651,2,408.5,12.346810394364853,405.5,P1
652,2,410.0,26.402579603622456,407.0,P2
654,1,410.0,12.184151095157333,407.0,P1
653,6,410.5,17.492307177973302,407.5,P2
655,1,411.0,7.017271407916308,408.0,P1
656,1,411.0,22.258835471409597,408.0,P1
657,1,411.5,10.603099729872383,408.5,P1
658,1,412.0,31.383456898935783,409.0,P1
659,1,412.5,11.367171936074701,409.5,P2
661,1,412.5,14.762116236170026,409.5,P1
660,2,413.0,26.792361217167336,410.0,P1
662,1,413.5,18.235880277457227,410.5,P2
663,2,415.0,25.897596797086706,412.0,P1
664,1,415.0,23.083118910309807,412.0,P3
665,1,415.5,14.773557311382408,412.5,P1
666,1,416.0,21.547399819483967,413.0,P2
667,2,416.0,25.516383249493693,413.0,P1
668,2,416.5,15.618833084331497,413.5,P1
669,1,418.0,11.597616175744282,415.0,P1
670,2,418.0,26.070283427155488,415.0,P2
671,1,418.0,13.002112465943053,415.0,P2
672,2,419.0,19.994493191085358,416.0,P2
674,1,419.5,15.44232550120478,416.5,P1
673,1,420.0,23.92138570025693,417.0,P2
675,4,420.0,10.817972307553086,417.0,BG
676,1,420.5,13.3228064507706,417.5,P3
677,1,421.0,11.975426646746483,418.0,P1
678,2,421.0,15.519490048149608,418.0,P1
679,1,422.0,15.73012261893169,419.0,P1
680,1,422.0,5.8996200256752775,419.0,P1
681,2,422.0,15.25179925947174,419.0,P1
683,1,422.5,20.586504631959972,419.5,P3
682,3,423.5,28.568727185109417,420.5,BG
684,2,424.0,14.281245717249183,421.0,P1
685,6,425.5,12.340990867137133,422.5,P1
686,3,426.0,17.376272554924775,423.0,BG
687,1,427.0,16.955438488453208,424.0,P1
688,1,427.5,25.74710678579561,424.5,P2
689,1,428.0,16.920731031368337,425.0,P3
691,6,428.0,20.01285137358152,425.0,P2
690,2,428.5,22.8021948671932,425.5,P2
693,1,429.0,20.026283980605946,426.0,P3
694,6,429.5,17.784785510163964,426.5,P1
695,1,430.0,22.981881439678684,427.0,P1
697,2,430.0,19.418334068846043,427.0,P1
698,1,430.0,31.753774320982487,427.0,P1
692,2,430.5,25.280824801388825,427.5,P2
696,1,430.5,10.066068424059134,427.5,P1
699,2,430.5,17.142777325798136,427.5,P1
700,1,431.5,13.715896043076057,428.5,P3
701,6,431.5,17.515666379087115,428.5,P1
702,1,431.5,14.696237731653502,428.5,P1
703,1,432.0,24.47053555582395,429.0,P1
704,3,432.0,15.088041858930623,429.0,BG
705,1,433.0,17.361373724485656,430.0,P3
706,2,433.5,19.636312331407296,430.5,P1
707,1,434.5,19.068631056064813,431.5,P3
708,2,434.5,16.923379488867994,431.5,P1
709,2,435.0,12.229150717548,432.0,P1
710,1,435.0,30.766724814256296,432.0,P1
712,1,435.5,8.947872527425178,432.5,P1
713,2,435.5,12.599315431404426,432.5,P1
711,6,436.0,15.546745843607594,433.0,P1
714,2,437.0,16.496574268811305,434.0,P1
716,2,437.5,12.575032693498125,434.5,P1
717,6,437.5,14.391937569983089,434.5,P2
715,2,438.0,22.549868111233224,435.0,P1
718,5,438.0,17.767396800632923,435.0,BG
719,1,438.5,9.28232885764241,435.5,P1
720,1,438.5,10.933667601867642,435.5,P1
721,2,439.5,17.65645876609176,436.5,P2
723,1,440.0,10.278621628388137,437.0,P2
724,2,440.0,23.998961196164792,437.0,P1
725,2,440.5,18.04445819094499,437.5,P1
727,1,441.0,18.643629181737357,438.0,P1
728,2,441.5,13.314316283374536,438.5,P1
722,1,442.0,33.14801002462751,439.0,P1
726,1,442.0,23.712895169264254,439.0,P3
729,6,442.0,19.137436593736627,439.0,P2
730,2,442.0,12.540636757564338,439.0,P1
731,1,442.0,16.49208575360836,439.0,P1
732,1,442.0,24.318473534691247,439.0,P3
733,1,442.5,10.554881690928733,439.5,P1
734,6,443.0,18.61260857312191,440.0,P2
735,1,443.5,7.107203267769681,440.5,P2
736,1,443.5,20.41857472948058,440.5,P2
737,2,444.0,16.090104843355338,441.0,P1
738,2,444.5,27.867722262540262,441.5,P1
739,1,445.0,23.254594750958887,442.0,P1
740,1,445.0,7.355191030576168,442.0,P1
741,1,445.0,16.57823392148133,442.0,P3
742,1,445.0,16.650025578709265,442.0,P2
743,1,445.5,11.21587553872303,442.5,P2
744,2,445.5,20.076225094709006,442.5,P1
745,1,446.5,18.738316445922454,443.5,P1
746,2,446.5,19.559764433210177,443.5,P2
747,1,447.5,29.253114134227403,444.5,P2
748,3,448.0,22.192054101074643,445.0,BG
749,2,449.0,18.96362433847059,446.0,P2
750,6,450.5,15.80348739698762,447.5,P2
751,6,451.0,13.388772885483126,448.0,P2
752,2,452.5,25.10879651028154,449.5,P2
753,2,452.5,13.432493535759463,449.5,P1
754,2,453.0,17.153338824879302,450.0,P1
755,1,453.0,24.14666953620217,450.0,P2
756,2,454.0,25.70907231805987,451.0,P1
757,1,454.0,21.4852600283697,451.0,P2
758,2,454.0,16.38898245406088,451.0,P2
759,1,454.5,15.605897254497899,451.5,P1
765,1,454.5,21.912253076303877,451.5,P1
760,1,455.0,28.32817711892176,452.0,P2
761,6,455.5,22.26252567906118,452.5,P1
762,1,455.5,14.503961925610849,452.5,P1
763,1,455.5,12.50715240290422,452.5,P1
766,2,455.5,14.47065506759953,452.5,P2
764,6,456.0,19.00094211011577,453.0,P1
767,1,456.5,18.800135945265385,453.5,P1
768,1,457.0,8.844383857350138,454.0,P1
769,1,457.5,11.235217830390772,454.5,P3
770,1,458.0,22.575907883571205,455.0,P1
771,2,458.5,20.07167289000925,455.5,P2
772,1,459.5,26.612798630573113,456.5,P3
773,2,460.0,23.677061714770744,457.0,P1
774,1,461.5,20.405795579991562,458.5,P1
775,6,461.5,16.869813098590168,458.5,P2
776,5,462.5,18.78557800443778,459.5,BG
777,1,463.0,21.017188271152634,460.0,P1
778,1,463.0,14.341065706509204,460.0,P1
779,1,463.5,23.37843555605275,460.5,P3
780,2,464.5,27.92856776086405,461.5,P1
781,1,465.0,13.694743686590149,462.0,P3
782,1,466.0,15.180698797909148,463.0,P1
783,2,466.0,18.366356603055664,463.0,P1
784,2,467.0,12.661373211769416,464.0,P1
785,2,467.0,24.84397149251194,464.0,P1
786,1,467.5,11.681389092940751,464.5,P1
787,1,467.5,11.90355623878278,464.5,P2
788,2,469.5,24.055660099153528,466.5,P2
789,6,470.0,15.865047425463695,467.0,P1
790,6,470.0,13.834594449507533,467.0,P1
791,6,472.0,17.723476425650816,469.0,P1
792,1,472.5,9.389100698556291,469.5,P1
793,1,473.5,29.684376511985015,470.5,P2
794,1,476.5,12.970608284743049,473.5,P1
795,1,479.0,16.223534866939552,476.0,P1
796,6,484.0,14.195538001255965,481.0,P1
797,1,484.5,27.884102102211816,481.5,P2
798,1,486.5,21.7151009130706,483.5,P1
799,5,487.0,22.024783936319928,484.0,BG
800,1,487.0,22.213516378134514,484.0,P1
801,1,487.5,22.93658377316093,484.5,P3
802,6,489.0,17.34917363730891,486.0,P2
803,1,489.5,18.405264791751375,486.5,P3
804,2,489.5,25.81953813058789,486.5,P2
805,1,490.5,19.926114934502756,487.5,P3
806,1,491.0,17.928632484426323,488.0,P2
809,3,491.0,22.748501196559058,488.0,BG
807,1,491.5,19.00129053882058,488.5,P3
808,1,492.0,21.367584064003132,489.0,P2
810,1,492.0,15.042489597312029,489.0,P1
811,1,492.0,12.86003470478279,489.0,P1
812,1,492.0,22.31105041412187,489.0,P1
813,1,493.0,17.387755088767477,490.0,P1
814,1,493.5,16.579816852221203,490.5,P1
815,2,494.5,31.6926956445059,491.5,P2
816,1,495.5,26.794602271166866,492.5,P1
817,1,495.5,20.60971408433989,492.5,P1
818,2,496.0,24.611548234621466,493.0,P1
819,6,496.5,17.681844847635713,493.5,P1
820,2,496.5,22.84672505839725,493.5,P1
821,6,498.0,24.91940098539127,495.0,P2
822,5,499.0,16.459875571166194,496.0,BG
823,1,501.0,18.5270429199049,498.0,P1
824,1,501.5,16.051346578618084,498.5,P1
825,6,504.5,17.019974432959007,501.5,P1
826,1,504.5,19.816596823624533,501.5,P2
827,2,504.5,21.808449593511263,501.5,P1
828,1,505.5,30.985810053451456,502.5,P1
829,1,506.0,25.35236788664567,503.0,P1
830,1,506.5,25.854995971162545,503.5,P1
831,1,506.5,22.537613012452134,503.5,P2
832,2,506.5,21.780976556308932,503.5,P1
833,6,507.0,21.226220406211635,504.0,P1
834,1,507.0,23.551020671205226,504.0,P2
835,3,511.5,16.246839679442896,508.5,BG
836,6,511.5,19.934151472187654,508.5,P2
837,2,512.5,22.463569653529945,509.5,P1
838,2,513.5,19.20155385039137,510.5,P1
839,5,515.0,32.346297897306606,512.0,BG
840,6,516.5,26.593135553569343,513.5,P1
841,2,517.0,18.633495802668268,514.0,P1
842,1,518.0,21.835120854615816,515.0,P2
843,6,518.0,19.269153366404762,515.0,P2
844,1,518.0,21.914454137778275,515.0,P3
846,2,518.5,18.947987746254558,515.5,P2
845,6,519.0,27.82276911549739,516.0,P2
847,1,519.5,13.812979291086812,516.5,P2
848,2,519.5,21.5443490788154,516.5,P2
849,1,520.0,27.466688162540542,517.0,P2
850,1,520.5,11.323742114249391,517.5,P2
851,1,520.5,17.06650133449099,517.5,P2
852,2,521.0,21.041798890947216,518.0,P1
853,2,521.5,24.21558764091245,518.5,P1
854,2,522.5,25.19528730264249,519.5,P1
855,1,522.5,20.156307249462834,519.5,P1
856,1,523.0,19.546481032729904,520.0,P3
857,1,523.0,28.60559890808742,520.0,P3
858,6,524.0,16.559061621301296,521.0,P1
859,1,524.0,13.974454596716935,521.0,P3
860,2,524.0,27.18044394047251,521.0,P1
861,1,524.5,22.5149521435005,521.5,P3
863,6,525.0,17.295019780433513,522.0,P2
862,1,525.5,16.53648336024335,522.5,P1
864,1,525.5,22.140298545348905,522.5,P2
865,2,525.5,17.699671589079824,522.5,P1
866,1,526.0,14.492710333087855,523.0,P2
867,2,526.5,24.40867520094338,523.5,P1
868,6,526.5,20.810441985579445,523.5,P2
869,1,527.0,10.49839223889041,524.0,P1
870,2,528.0,25.337539864249628,525.0,P1
871,1,528.5,11.10524430163488,525.5,P2
872,6,528.5,17.920362866351507,525.5,P1
873,1,528.5,14.60174663643665,525.5,P1
874,1,529.5,11.522994753372869,526.5,P1
875,1,529.5,19.748181953549377,526.5,P2
877,1,529.5,11.165466349062768,526.5,P1
878,6,530.0,13.796632014698575,527.0,P1
876,6,530.5,26.0239102533049,527.5,P1
880,6,530.5,21.72442976678155,527.5,P2
882,1,530.5,30.353670218193535,527.5,P2
879,1,531.5,44.45659699753284,528.5,P2
881,2,531.5,37.5582459140238,528.5,P1
883,2,531.5,28.861399974336646,528.5,P1
884,6,532.0,19.482399910906118,529.0,P1
885,1,532.5,12.858749706433306,529.5,P1
886,1,533.0,15.651814853908538,530.0,P1
887,3,533.5,20.19454437756937,530.5,BG
888,1,533.5,27.846443722500858,530.5,P2
889,1,534.0,13.502163967443536,531.0,P1
890,1,535.0,21.39562943992182,532.0,P1
891,2,535.0,16.507809140353128,532.0,P2
892,2,536.0,16.381622037084014,533.0,P1
893,2,536.0,13.832079803492658,533.0,P1
894,2,537.5,14.692680099624397,534.5,P2
895,1,538.5,22.35656802444798,535.5,P1
897,1,538.5,23.13703697879353,535.5,P1
896,1,539.5,29.509958292579626,536.5,P2
898,1,539.5,23.92173266689668,536.5,P1
899,2,539.5,21.87432180422391,536.5,P1
900,2,540.0,25.595325291792744,537.0,P2
901,1,541.0,23.956973495496737,538.0,P3
902,1,541.5,17.26785752578133,538.5,P3
903,6,541.5,14.962748424804326,538.5,P1
904,1,543.0,20.53897455261413,540.0,P1
905,1,543.0,22.791863716023798,540.0,P1
907,1,543.0,23.00955431920508,540.0,P2
906,1,543.5,26.460445808212672,540.5,P3
908,1,543.5,12.43862303810255,540.5,P3
909,6,543.5,5.1928820890806895,540.5,P2
910,1,544.0,18.604491860249027,541.0,P2
911,6,545.0,13.072855720178701,542.0,P2
912,6,546.0,10.323103064190212,543.0,P1
913,1,546.5,20.7803326912478,543.5,P2
914,2,547.0,24.087972986986667,544.0,P1
915,1,548.0,16.66205680563303,545.0,P1
916,1,548.0,21.338470768671048,545.0,P2
917,1,549.0,17.938271304050936,546.0,P1
918,2,549.5,21.21436610380382,546.5,P1
919,1,550.5,24.06067058434522,547.5,P2
920,1,552.0,22.091763892303288,549.0,P2
921,6,552.5,26.925515699015588,549.5,P1
922,1,553.0,29.18981193310117,550.0,P3
924,1,553.5,31.872001744087544,550.5,P1
925,1,553.5,22.199135232791367,550.5,P1
926,2,553.5,25.440583231452496,550.5,P1
923,1,554.0,38.77937721248598,551.0,P1
927,2,554.0,35.13136183983642,551.0,P2
928,1,554.5,16.038262879940365,551.5,P2
929,1,554.5,13.053830809175425,551.5,P1
931,1,554.5,17.539108357366423,551.5,P1
930,1,555.0,19.19276932584971,552.0,P2
934,1,555.0,19.136105350983232,552.0,P1
932,1,555.5,21.48162627854516,552.5,P2
933,2,556.0,27.124331516822036,553.0,P2
935,1,556.5,23.359030450215446,553.5,P2
936,2,557.0,39.300648082312186,554.0,P2
937,1,557.0,14.098272722502273,554.0,P1
938,1,557.5,17.769549852266803,554.5,P1
939,2,557.5,25.644257882470637,554.5,P1
940,1,558.0,27.58758418145127,555.0,P1
942,6,558.5,21.12199222186225,555.5,P1
941,2,559.0,19.789504839286018,556.0,P1
943,1,559.5,25.121149538393677,556.5,P2
944,1,560.0,19.69117330243762,557.0,P2
945,1,560.0,16.117517339776462,557.0,P3
946,2,560.0,26.936112293110064,557.0,P1
947,2,560.5,27.698405331317172,557.5,P1
948,1,560.5,15.65751263792531,557.5,P1
949,1,561.0,21.964533919554288,558.0,P1
950,1,561.0,19.945642486357276,558.0,P1
951,1,561.0,16.17928012606728,558.0,P1
952,1,562.5,12.391526156439701,559.5,P3
953,1,562.5,22.639221764889438,559.5,P1
954,2,563.0,24.308362635475017,560.0,P1
955,1,563.0,7.951580848603771,560.0,P1
957,1,563.5,7.475711281096211,560.5,P1
956,1,564.0,20.57685546292558,561.0,P1
958,1,564.0,30.33091689258919,561.0,P3
959,4,564.0,11.885754960800787,561.0,BG
960,1,565.0,10.016730311392163,562.0,P1
961,3,566.0,21.297151715515458,563.0,BG
962,1,566.5,12.100912636629474,563.5,P2
963,3,567.5,19.775788512822153,564.5,BG
964,2,568.0,22.98936542803946,565.0,P1
965,3,570.0,21.497655025366008,567.0,BG
970,1,570.0,24.206621475494188,567.0,P1
966,1,571.0,21.643811556616907,568.0,P1
967,6,571.0,11.82002384904455,568.0,P2
968,2,571.5,18.149740865101712,568.5,P2
969,2,572.0,24.037432673615886,569.0,P2
971,1,572.0,14.759457520427976,569.0,P1
972,6,573.5,11.812569811750105,570.5,P1
973,2,573.5,27.571399500352694,570.5,P2
974,6,573.5,8.938841345146754,570.5,P1
975,2,574.5,17.05594169526056,571.5,P1
976,2,574.5,11.306386173061279,571.5,P1
977,1,575.0,7.611994484912113,572.0,P1
978,2,575.0,21.701303113465702,572.0,P1
979,1,576.5,19.752301970742508,573.5,P2
980,1,576.5,25.432360307230343,573.5,P2
981,1,577.0,16.79388247516035,574.0,P3
982,2,577.0,18.109718007827187,574.0,P1
983,5,577.0,15.923539006852694,574.0,BG
984,1,577.5,13.300644626837736,574.5,P1
985,1,577.5,17.878308096412667,574.5,P2
986,2,577.5,12.8094532717553,574.5,P2
987,1,578.5,11.582637529333086,575.5,P1
988,1,578.5,15.854851694285514,575.5,P3
989,6,579.5,17.323931670843457,576.5,P1
990,1,579.5,8.441070963569038,576.5,P1
991,2,580.5,20.371609548489594,577.5,P1
992,2,580.5,18.737766514585758,577.5,P1
993,1,581.5,25.335955508272697,578.5,P1
994,1,582.0,11.72757174317056,579.0,P1
995,1,584.0,15.606383142462972,581.0,P1
996,6,584.0,24.215639397669943,581.0,P1
997,2,584.5,17.512154467252895,581.5,P1
998,1,584.5,10.795371475508196,581.5,P1
999,1,585.0,11.04916008293441,582.0,P1
1000,6,585.0,11.347211039444819,582.0,P1
1001,1,585.5,15.291911459526764,582.5,P1
1002,2,586.0,22.71338793637954,583.0,P1
1003,2,586.5,21.420089244318174,583.5,P1
1004,1,588.0,21.010627837205643,585.0,P3
1005,1,590.0,14.637818891422675,587.0,P1
1006,1,590.5,19.859646328547495,587.5,P1
1007,1,591.0,31.092227805888037,588.0,P1
1008,1,591.0,13.278813169068489,588.0,P1
1009,1,591.0,15.156474735280932,588.0,P1
1010,1,592.0,25.964088180259644,589.0,P1
1011,1,592.5,19.998030182396718,589.5,P2
1012,1,592.5,23.7120850837448,589.5,P1
1013,6,593.0,20.700436624991507,590.0,P1
1014,1,593.5,21.65644857000594,590.5,P3
1015,6,593.5,17.47587517731193,590.5,P2
1016,1,594.0,11.819536689503511,591.0,P2
1017,1,594.5,26.298405933572617,591.5,P1
1018,2,594.5,14.176411987267533,591.5,P2
1019,2,596.0,16.82001825861403,593.0,P2
1020,1,596.0,9.802540626311663,593.0,P1
1021,2,597.0,17.66532622000297,594.0,P1
1022,6,598.5,20.308298667391725,595.5,P1
1023,2,598.5,21.44544586049918,595.5,P1
1024,2,600.0,15.032675480496147,597.0,P2
1025,2,600.0,15.155008504730102,597.0,P2
1026,1,601.0,14.304544801915693,598.0,P3
1027,2,601.0,17.870702038597827,598.0,P1
1028,1,601.5,18.489463216141445,598.5,P2
1030,6,601.5,11.047414083244943,598.5,P1
1029,1,602.0,17.601371610214915,599.0,P1
1031,2,602.5,13.853492598549918,599.5,P1
1032,2,603.5,19.433862965404334,600.5,P2
1033,1,604.0,30.69977393104242,601.0,P3
1034,2,604.0,22.538819912468444,601.0,P1
1035,2,605.0,18.325025869841724,602.0,P2
1036,1,605.5,16.953465714550443,602.5,P1
1037,2,606.0,15.950947422605882,603.0,P1
1038,2,606.5,27.051974710034187,603.5,P1
1039,6,608.0,19.0116217512355,605.0,P1
1041,1,608.5,14.10263340681433,605.5,P1
1042,2,608.5,22.402391203150195,605.5,P2
1040,6,609.0,16.819879871402303,606.0,P1
1043,6,610.0,20.376829348608673,607.0,P1
1044,1,610.0,28.759909754370746,607.0,P2
1045,2,610.5,24.213812909960776,607.5,P1
1046,2,611.0,22.294085705828,608.0,P1
1047,1,612.0,20.059219024339807,609.0,P3
1048,1,613.0,17.742628855679822,610.0,P1
1049,6,613.0,8.500012998403548,610.0,P2
1050,6,616.0,19.891710567991446,613.0,P2
1051,1,616.5,20.43399732120627,613.5,P2
1052,1,619.0,18.99570456860982,616.0,P2
1053,1,619.5,20.292294760660536,616.5,P3
1054,2,620.5,24.847049814663336,617.5,P2
1055,2,621.5,23.020191101066338,618.5,P2
1056,1,622.5,26.292508676410165,619.5,P1
1057,1,622.5,27.34855856298786,619.5,P1
1058,1,623.0,23.785307329123928,620.0,P1
1059,2,623.5,24.10672896733229,620.5,P2
1060,1,624.5,22.29949783328351,621.5,P1
1061,1,632.5,35.02072105666341,629.5,P1
1062,6,632.5,16.779099326966346,629.5,P1
1063,1,633.0,28.6388707392063,630.0,P3
1064,1,635.5,29.868811181282013,632.5,P3
1065,1,636.0,25.156557211632244,633.0,P1
1066,1,636.5,17.557590218841128,633.5,P1
1067,1,637.5,19.522127342418056,634.5,P1
1068,1,637.5,25.48447353562472,634.5,P1
1069,2,638.0,20.85124075213697,635.0,P1
1070,1,638.0,25.027186783390405,635.0,P1
1071,2,639.0,24.350339589700273,636.0,P1
1072,1,639.0,17.62733724582858,636.0,P1
1073,2,639.5,21.24719934836207,636.5,P1
1074,1,640.5,25.72170282696215,637.5,P3
1075,1,641.5,12.595238401548052,638.5,P1
1076,2,642.5,22.058140296594203,639.5,P2
1077,1,643.0,21.5415105871269,640.0,P1
1078,6,643.5,19.046228016750362,640.5,P2
1079,6,644.0,15.605670206425913,641.0,P1
1080,6,645.5,14.159563647676254,642.5,P1
1081,1,646.0,15.413797639506504,643.0,P2
1082,1,646.5,33.328869853333174,643.5,P1
1083,6,646.5,27.859693387897437,643.5,P2
1084,1,647.0,15.41129625234528,644.0,P2
1085,6,648.0,22.43965946607219,645.0,P1
1086,6,648.0,26.092494695852466,645.0,P1
1087,2,648.5,21.4447391993081,645.5,P1
1088,1,650.0,29.61547361545571,647.0,P1
1089,3,650.5,24.82408810977826,647.5,BG
1090,1,650.5,20.217831591553644,647.5,P3
1091,2,652.0,29.629501892868607,649.0,P1
1092,1,652.0,16.50405931093977,649.0,P1
1093,1,652.5,14.653400596366287,649.5,P2
1096,2,652.5,21.57767411914342,649.5,P1
1097,1,652.5,37.89725110967864,649.5,P1
1095,1,653.0,12.591945511172684,650.0,P2
1094,1,653.5,33.1849049496891,650.5,P2
1098,1,653.5,34.25296519613709,650.5,P3
1101,2,654.0,29.7134049752885,651.0,P2
1099,2,654.5,28.37718982141631,651.5,P1
1100,2,655.0,22.078880944177254,652.0,P2
1102,6,657.0,12.893522789547328,654.0,P1
1103,1,657.0,17.992333822379493,654.0,P1
1104,6,657.5,23.291892895102347,654.5,P1
1105,1,658.0,18.919960495353767,655.0,P3
1106,1,658.0,11.591300030561502,655.0,P1
1107,1,658.5,20.2844118156399,655.5,P2
1108,1,658.5,19.15030865974709,655.5,P1
1109,1,658.5,14.203450924051994,655.5,P1
1111,6,659.0,10.835433970036735,656.0,P1
1110,1,659.5,20.911580458933994,656.5,P1
1112,1,660.0,8.596685522519861,657.0,P2
1113,3,660.0,16.683537318367865,657.0,BG
1114,1,660.0,19.71919405936392,657.0,P1
1115,2,661.5,21.153105075789224,658.5,P1
1116,2,661.5,18.829995079551825,658.5,P1
1117,1,661.5,23.510254507426144,658.5,P2
1118,2,663.0,25.263594014427202,660.0,P1
1119,6,663.0,8.775734827367225,660.0,P1
1120,1,663.0,18.415700336753947,660.0,P1
1121,1,664.5,23.467454269582802,661.5,P1
1123,2,664.5,19.141360460385844,661.5,P1
1124,2,664.5,15.301742956597225,661.5,P2
1126,1,665.0,20.797893194060983,662.0,P1
1122,2,665.5,32.17116640248119,662.5,P2
1125,2,665.5,14.505620915535152,662.5,P2
1127,6,667.0,8.068740193357227,664.0,P1
1129,6,667.0,9.174370639296571,664.0,P1
1128,1,667.5,20.76759890180376,664.5,P1
1130,2,668.0,20.843179205366468,665.0,P1
1131,1,668.5,19.016653082526165,665.5,P2
1133,2,669.5,19.952911818467616,666.5,P1
1132,1,670.0,18.689229523696174,667.0,P1
1134,1,670.5,17.048237387990884,667.5,P3
1135,1,670.5,29.22213374006056,667.5,P2
1136,1,670.5,30.73176586795932,667.5,P1
1137,1,671.0,27.021497685887493,668.0,P2
1138,2,671.0,18.057778516042763,668.0,P2
1139,1,672.5,25.723326206815457,669.5,P1
1140,1,672.5,25.06895254913917,669.5,P3
1141,1,673.0,26.25652071262951,670.0,P1
1142,6,673.0,19.020634923582364,670.0,P1
1143,1,673.0,12.601939357594796,670.0,P2
1144,1,673.5,19.368571042614615,670.5,P1
1145,1,673.5,21.159507103131215,670.5,P3
1146,1,674.0,11.389443055421724,671.0,P2
1147,6,675.5,18.809239789269547,672.5,P2
1148,1,675.5,23.42549151880338,672.5,P3
1149,2,675.5,24.327042781980598,672.5,P1
1150,1,676.0,20.2300750366786,673.0,P1
1151,2,676.5,23.58264441694235,673.5,P2
1152,1,678.0,27.66200835753512,675.0,P3
1153,1,678.0,23.82904933119232,675.0,P2
1154,2,678.5,21.38475444424502,675.5,P1
1155,1,679.0,17.5656449191191,676.0,P1
1156,1,679.0,19.10440699491514,676.0,P2
1157,2,679.5,18.37809868563765,676.5,P1
1158,1,680.0,27.674916181362608,677.0,P2
1159,1,680.0,15.011276622158604,677.0,P1
1162,6,680.5,19.228569971099763,677.5,P1
1160,1,681.0,21.577713805650248,678.0,P2
1161,1,681.0,17.174608608958298,678.0,P1
1163,2,681.5,22.785599813101015,678.5,P1
1164,3,683.0,20.963001588321195,680.0,BG
1165,1,685.5,15.630455435120084,682.5,P2
1166,3,685.5,30.00250349033719,682.5,BG
1167,2,686.0,19.809864189507934,683.0,P1
1170,1,687.5,13.579341814218097,684.5,P1
1169,1,688.0,19.264866651135232,685.0,P1
1168,1,688.5,23.462924768449184,685.5,P3
1171,2,689.5,22.489031601837542,686.5,P2
1172,2,690.5,27.380208136051646,687.5,P1
1173,1,691.0,34.78558411394267,688.0,P1
1174,1,691.0,25.06211373240603,688.0,P1
1175,1,691.0,22.304916864959683,688.0,P1
1176,2,692.0,22.362935735193073,689.0,P1
1177,2,694.0,49.52650207109961,691.0,P1
1178,2,694.0,24.352265641404383,691.0,P1
1179,1,694.0,24.80311986034328,691.0,P1
1180,1,695.0,17.518088253998286,692.0,P2
1181,1,695.0,22.133845771785747,692.0,P3
1182,1,697.0,14.20664771644792,694.0,P3
1183,1,697.5,17.613403147606537,694.5,P1
1184,2,697.5,28.28207693705403,694.5,P1
1185,1,697.5,13.907939825869637,694.5,P1
1186,2,698.5,24.678484291252392,695.5,P2
1187,1,699.0,19.029244831124505,696.0,P1
1188,1,700.0,24.783465834337225,697.0,P1
1189,2,700.0,20.634413550780714,697.0,P1
1190,2,700.0,20.753750873590334,697.0,P1
1191,1,702.0,17.78764115570141,699.0,P3
1192,1,702.0,15.723659909957673,699.0,P1
1193,2,702.5,27.307213683276757,699.5,P1
1194,1,703.0,21.45043506785229,700.0,P2
1195,1,703.0,18.747230199075638,700.0,P1
1197,3,704.5,30.21419864297624,701.5,BG
1196,1,705.5,50.09307835838586,702.5,P2
1198,1,706.0,25.86072615613915,703.0,P2
1199,1,706.0,20.625237283708547,703.0,P2
1200,1,706.0,19.77149264233965,703.0,P1
1201,2,706.5,23.01730874241161,703.5,P1
1202,1,707.0,20.228120863703595,704.0,P1
1203,6,708.0,23.755476610343933,705.0,P1
1204,1,709.5,16.63158478744687,706.5,P2
1205,1,710.0,20.158136364653984,707.0,P3
1206,1,710.0,22.63233891484368,707.0,P2
1207,6,710.0,17.158253416457047,707.0,P2
1208,1,710.5,21.199572407658806,707.5,P1
1209,3,710.5,25.379732905569366,707.5,BG
1211,1,711.0,19.676710771080106,708.0,P1
1210,1,711.5,17.71110468440033,708.5,P2
1212,1,712.0,16.78777408751197,709.0,P2
1213,1,713.0,19.0458931222646,710.0,P1
1214,1,713.0,17.428758590466362,710.0,P1
1215,2,713.0,21.909092191472027,710.0,P1
1216,1,714.5,16.059723425712406,711.5,P1
1217,6,715.0,7.421975663733762,712.0,P1
1218,1,716.0,9.452336802086501,713.0,P1
1219,1,716.0,17.806901855158085,713.0,P1
1220,4,716.5,12.004919360511467,713.5,BG
1222,2,716.5,20.507659521496237,713.5,P1
1221,1,717.0,25.63553014726559,714.0,P1
1223,2,718.0,23.917333976741453,715.0,P1
1224,1,718.5,19.406833308891855,715.5,P2
1225,2,718.5,8.151214988496966,715.5,P1
1226,6,719.5,16.13820066128097,716.5,P1
1227,1,719.5,18.118539809460195,716.5,P1
1228,2,720.0,19.24880968091583,717.0,P1
1229,2,720.5,18.29730282014407,717.5,P1
1230,1,720.5,12.16096639173466,717.5,P1
1231,1,720.5,25.005948598310535,717.5,P3
1232,2,721.5,20.21777657054503,718.5,P1
1233,1,722.0,23.48780607213688,719.0,P1
1234,6,722.0,13.072784627449378,719.0,P1
1235,2,722.5,21.730383058025712,719.5,P2
1236,2,722.5,20.47677962152251,719.5,P2
1237,1,723.0,20.171988758458127,720.0,P2
1238,1,723.5,18.787590842516327,720.5,P2
1239,2,724.0,15.894206171044793,721.0,P1
1240,2,724.0,10.952128366201505,721.0,P2
1241,2,724.5,20.855111702262175,721.5,P1
1242,2,726.0,25.538512159724423,723.0,P1
1243,1,726.0,12.394231687581723,723.0,P3
1244,2,726.0,14.605515893659186,723.0,P1
1246,3,726.5,25.59914828692406,723.5,BG
1245,2,727.0,17.391247054013263,724.0,P1
1247,1,727.5,16.117543194312375,724.5,P1
1248,6,728.0,14.456072909539245,725.0,P1
1249,2,728.5,16.9165582674038,725.5,P1
1250,2,729.5,23.004458614735515,726.5,P2
1251,2,729.5,19.05938815167995,726.5,P1
1254,6,730.0,19.224593416612933,727.0,P2
1253,6,732.0,15.249813389110209,729.0,P1
1255,1,733.5,12.249301965440061,730.5,P1
1252,1,734.0,54.009792055728354,731.0,P1
1256,6,735.5,14.035621005451212,732.5,P1
1257,1,736.5,35.48576548636928,733.5,P1
1258,1,739.0,14.25961610877182,736.0,P1
1259,2,739.0,22.518922925289523,736.0,P1
1260,2,739.5,26.951268994952777,736.5,P1
1261,1,741.0,30.516719185525144,738.0,P1
1262,1,742.0,21.34215879644966,739.0,P1
1263,1,743.0,20.303216776463582,740.0,P2
1264,6,746.0,15.966847307653023,743.0,P1
1265,3,747.0,18.042508494108315,744.0,BG
1266,6,748.5,15.111746335457537,745.5,P2
1267,1,749.0,30.71770835358601,746.0,P1
1268,1,749.0,20.08033282625158,746.0,P1
1269,1,749.5,28.26453614597087,746.5,P1
1270,1,750.0,42.477422048686165,747.0,P1
1273,1,751.0,11.705445746284052,748.0,P1
1271,1,751.5,24.80295521697469,748.5,P1
1272,6,751.5,20.137710222087975,748.5,P1
1274,2,751.5,20.54179863847201,748.5,P2
1275,1,753.0,24.307618451596994,750.0,P1
1276,2,753.0,27.516606296733922,750.0,P2
1277,2,753.5,26.520066508939216,750.5,P1
1278,1,754.5,28.86683448742312,751.5,P2
1279,2,754.5,27.484293373762114,751.5,P1
1280,1,755.0,21.178351129576214,752.0,P1
1281,1,756.0,24.474034881912754,753.0,P1
1282,1,756.5,17.087153301193563,753.5,P2
1283,1,757.0,13.093240038077678,754.0,P2
1284,2,758.5,21.64495078378824,755.5,P2
1285,1,759.0,13.363359275622216,756.0,P2
1286,3,759.0,20.538280900341846,756.0,BG
1287,2,759.5,18.78635356217172,756.5,P1
1288,1,760.0,17.539565718445274,757.0,P1
1289,1,760.5,15.495729844961577,757.5,P2
1290,1,761.0,14.871099847584972,758.0,P1
1291,2,761.5,20.067061422967605,758.5,P1
1292,2,761.5,30.34807012456036,758.5,P1
1293,1,762.0,31.927605699826778,759.0,P1
1294,3,762.5,21.071999667983558,759.5,BG
1295,1,763.0,18.135471953632273,760.0,P1
1296,6,763.5,17.992463875069227,760.5,P2
1297,1,764.0,17.386862751804657,761.0,P1
1298,6,764.0,6.74075388211582,761.0,P1
1299,1,764.5,10.368982365937029,761.5,P2
1300,6,765.0,22.371616842251463,762.0,P2
1301,2,765.5,26.882568350495948,762.5,P1
1302,1,767.0,19.969734601776924,764.0,P2
1303,2,767.0,22.78349554174741,764.0,P1
1304,1,767.0,23.296293392298832,764.0,P1
1305,6,767.5,17.374443188070433,764.5,P1
1306,1,767.5,18.09810194159817,764.5,P1
1307,2,767.5,19.033415838011962,764.5,P1
1308,2,768.0,20.49498288274562,765.0,P1
1309,1,768.0,17.3229814998164,765.0,P1
1310,6,768.0,20.300776135527283,765.0,P1
1311,1,768.0,31.586602923753045,765.0,P1
1315,2,769.0,17.366132740935463,766.0,P2
1312,1,769.5,14.740075551658895,766.5,P1
1313,1,769.5,19.51486263561525,766.5,P1
1314,1,769.5,12.022478936281495,766.5,P1
1317,1,770.5,14.992980704902948,767.5,P1
1318,1,771.0,16.824590700446397,768.0,P1
1319,2,771.0,23.253265397712678,768.0,P2
1316,2,771.5,27.033288525140456,768.5,P1
1320,1,771.5,31.377594267326597,768.5,P3
1321,1,772.0,20.593324308334292,769.0,P3
1323,2,772.0,19.178783982336473,769.0,P1
1322,1,772.5,21.701086265481305,769.5,P1
1324,2,772.5,23.580116404778558,769.5,P2
1325,2,773.0,29.191668813835804,770.0,P1
1326,2,773.0,20.218936075310506,770.0,P2
1327,1,773.5,18.897905254370382,770.5,P2
1329,1,773.5,13.273917179047405,770.5,P3
1330,3,773.5,18.72378614991682,770.5,BG
1328,1,774.0,10.840036222383924,771.0,P2
1332,5,775.0,17.620029974574933,772.0,BG
1333,1,775.0,25.667643284520476,772.0,P1
1331,1,775.5,27.31025284018809,772.5,P2
1334,1,776.0,16.419985729413327,773.0,P2
1335,1,776.0,22.345784474822953,773.0,P2
1336,1,776.5,23.205235221059933,773.5,P1
1337,1,776.5,21.146396067578216,773.5,P3
1339,2,777.0,12.984204814466752,774.0,P2
1344,2,777.0,20.5030977419998,774.0,P1
1338,6,777.5,16.976948479458123,774.5,P1
1340,1,777.5,19.120475567791107,774.5,P2
1341,6,778.5,20.60519857178721,775.5,P1
1342,1,778.5,14.932333526571924,775.5,P1
1343,6,778.5,18.177432735017092,775.5,P2
1345,1,780.0,26.336108582662646,777.0,P1
1346,1,780.0,11.085619157851184,777.0,P1
1348,1,780.5,17.80980653406792,777.5,P2
1347,1,781.0,25.14249185001993,778.0,P2
1349,1,781.5,25.66119683010975,778.5,P1
1350,6,781.5,15.562612146081582,778.5,P1
1351,2,784.0,25.953593769716402,781.0,P1
1352,6,784.0,24.743645547769408,781.0,P2
1353,1,785.0,14.009919700260603,782.0,P2
1354,1,786.0,14.23961490778568,783.0,P3
1355,2,786.5,29.28064199332947,783.5,P1
1356,6,787.5,12.82764795118473,784.5,P1
1357,2,789.0,25.97801881432512,786.0,P1
1358,6,791.0,19.616502335650175,788.0,P1
1359,6,791.5,14.879345969378102,788.5,P1
1360,2,791.5,22.533986528202856,788.5,P1
1361,2,792.0,23.744302655595458,789.0,P1
1362,1,793.0,13.310106310051765,790.0,P1
1363,2,793.0,19.416975347735185,790.0,P2
1364,2,793.5,27.134608540314396,790.5,P2
1365,1,794.5,22.302141589559884,791.5,P1
1366,2,794.5,17.156352933936372,791.5,P2
1367,1,795.5,16.083535120588934,792.5,P1
1368,1,795.5,14.588657409371914,792.5,P1
1369,1,795.5,14.681039781475,792.5,P1
1370,6,796.0,17.54801281045062,793.0,P1
1371,2,796.5,19.52853868918675,793.5,P1
1372,3,799.0,23.449184609138754,796.0,BG
1373,2,799.0,24.402510412488652,796.0,P2
1374,2,800.5,31.340805827744006,797.5,P2
1375,6,800.5,23.36013157395971,797.5,P1
1376,1,801.0,25.803761156414073,798.0,P1
1377,2,802.0,24.400075435227784,799.0,P1
1378,2,802.0,8.046506718827557,799.0,P2
1380,1,803.0,20.566144003593504,800.0,P1
1379,1,803.5,25.801233196838474,800.5,P3
1381,2,803.5,18.78529430833689,800.5,P1
1382,1,804.5,36.85910653701701,801.5,P1
1383,1,805.5,23.90827934671285,802.5,P1
1384,1,807.0,20.580424040845493,804.0,P2
1385,1,807.5,25.850971122561425,804.5,P1
1386,1,807.5,27.99909650637884,804.5,P1
1387,1,808.0,23.499049959989392,805.0,P3
1388,1,808.0,22.93018579072848,805.0,P1
1390,1,808.0,14.78324590852051,805.0,P2
1389,1,808.5,31.265277120125294,805.5,P1
1391,1,808.5,13.537908970130868,805.5,P2
1392,1,809.5,28.99258466251732,806.5,P1
1393,1,809.5,11.789895027252276,806.5,P1
1394,1,809.5,17.70312208749117,806.5,P2
1395,2,810.0,18.132238823341236,807.0,P1
1397,1,810.5,17.22718899221647,807.5,P1
1396,6,811.0,20.695648284892044,808.0,P2
1398,2,811.5,26.42938039879756,808.5,P1
1399,1,811.5,20.466497576536575,808.5,P3
1400,1,811.5,14.281647616939749,808.5,P3
1402,1,813.0,19.373759235148825,810.0,P2
1403,1,813.0,19.52964234423291,810.0,P3
1405,1,813.0,31.28100225945388,810.0,P2
1406,6,813.0,20.12723995884565,810.0,P1
1401,1,813.5,28.17612092135853,810.5,P1
1407,1,813.5,24.538639098242808,810.5,P1
1408,1,813.5,27.174277480688414,810.5,P3
1409,1,813.5,20.61885219740728,810.5,P1
1404,6,814.0,31.94953887801878,811.0,P1
1412,1,814.5,12.242604665801302,811.5,P2
1410,1,815.0,17.90423099716676,812.0,P3
1411,1,815.0,16.873954933224976,812.0,P1
1413,1,815.5,13.66820125355736,812.5,P1
1414,1,816.0,16.7272883927702,813.0,P3
1415,1,817.5,21.09594997719315,814.5,P2
1416,6,817.5,12.396880583951429,814.5,P2
1417,1,818.5,24.612791794713115,815.5,P1
1418,2,821.0,20.69983545642814,818.0,P1
1419,2,822.5,21.51286605700033,819.5,P1
1420,1,823.0,19.942807040537904,820.0,P3
1421,2,824.5,28.57049145829379,821.5,P1
1422,1,825.0,24.483970884208738,822.0,P1
1423,1,825.5,24.666011547536737,822.5,P3
1424,6,825.5,9.777049131177543,822.5,P1
1425,1,826.0,11.356132758237319,823.0,P1
1426,2,828.5,31.06666454912637,825.5,P1
1428,1,834.5,26.349527640277653,831.5,P1
1427,1,835.5,35.841049797640174,832.5,P2
1429,6,835.5,20.253253724723383,832.5,P1
1430,6,835.5,20.507256208138138,832.5,P2
1431,1,838.5,32.13747481973017,835.5,P1
1432,1,839.5,29.101880628982443,836.5,P2
1433,1,839.5,21.27851009169333,836.5,P1
1434,6,839.5,13.387553534730586,836.5,P1
1435,1,841.0,25.986000063585767,838.0,P3
1436,6,844.0,12.461440145112029,841.0,P1
1437,1,844.0,13.08030027826716,841.0,P3
1438,1,845.0,12.582607845935799,842.0,P1
1439,1,845.0,22.65542399367035,842.0,P1
1440,2,845.0,34.558337613642124,842.0,P1
1441,1,845.5,13.728357140395238,842.5,P1
1442,1,846.5,27.18886943247522,843.5,P2
1443,1,847.0,20.34298835943671,844.0,P2
1444,5,847.0,21.173484245483312,844.0,BG
1445,1,850.0,10.722610947008542,847.0,P1
1446,6,850.5,23.412045253805207,847.5,P1
1447,6,850.5,22.760813607181067,847.5,P2
1449,2,851.5,25.845594499265435,848.5,P2
1448,6,852.5,32.0337159728671,849.5,P2
1450,6,853.0,15.421349234615706,850.0,P1
1451,2,853.0,26.503978616139012,850.0,P1
1452,1,853.0,13.101888428094913,850.0,P3
1453,1,854.5,16.291098162256393,851.5,P2
1454,1,855.5,10.33559004621104,852.5,P3
1457,1,856.0,19.311078079113344,853.0,P1
1455,6,856.5,20.370589550495243,853.5,P1
1456,1,856.5,19.056301739078965,853.5,P2
1458,1,857.0,16.274536522345265,854.0,P1
1459,1,857.0,15.133229853863222,854.0,P2
1465,2,857.0,9.97940172743903,854.0,P1
1460,1,858.0,18.584408224000903,855.0,P2
1461,1,858.0,23.674637036886892,855.0,P2
1462,1,859.0,15.618747657644116,856.0,P1
1463,1,860.0,6.227214403749901,857.0,P1
1464,1,860.5,22.55086897624457,857.5,P2
1466,1,861.5,12.221413876924363,858.5,P3
1467,1,862.5,16.037330434579232,859.5,P3
1468,1,862.5,17.032189849065674,859.5,P2
1469,1,864.5,31.88270097685457,861.5,P3
1470,2,864.5,12.893922092594115,861.5,P1
1472,4,867.0,9.78265071241851,864.0,BG
1471,3,867.5,15.575741840190581,864.5,BG
1473,1,868.0,13.636664993239181,865.0,P1
1474,1,869.0,14.88480521580912,866.0,P1
1475,1,869.0,19.582729844814256,866.0,P2
1476,2,869.5,16.78631497697028,866.5,P1
1477,1,871.5,25.513188785645408,868.5,P1
1478,2,871.5,18.228929061539926,868.5,P1
1479,2,871.5,15.339885974685997,868.5,P1
1481,3,873.0,20.80002980693055,870.0,BG
1480,1,873.5,28.68040666992238,870.5,P2
1482,2,874.0,20.925130739307594,871.0,P2
1483,2,874.5,13.571909443093551,871.5,P1
1484,2,876.0,16.804631310529356,873.0,P2
1485,1,876.0,16.94840980380855,873.0,P3
1486,1,876.0,9.951234589644375,873.0,P1
1487,1,876.5,24.475382217085542,873.5,P1
1488,1,877.0,25.4495338473639,874.0,P1
1489,2,877.0,15.634031696728583,874.0,P1
1490,1,878.0,14.682066690964556,875.0,P1
1491,1,878.0,13.124267205502981,875.0,P1
1492,2,878.0,9.917235732407027,875.0,P1
1493,1,879.5,17.341473777201024,876.5,P1
1494,1,879.5,12.961889829835165,876.5,P1
1496,6,879.5,13.18326869244102,876.5,P1
1495,1,880.0,23.651090569802733,877.0,P1
1498,1,881.0,18.782799206001126,878.0,P1
1497,6,881.5,2.6330891441703312,878.5,P2
1499,2,881.5,17.845864857607676,878.5,P1
1500,1,882.0,9.197851836366628,879.0,P2
1501,1,882.0,23.623195475572643,879.0,P2
1502,1,882.0,15.749776645646717,879.0,P2
1509,1,882.0,20.62743349662557,879.0,P1
1503,1,882.5,21.299067086448805,879.5,P1
1506,1,883.0,19.108617318928573,880.0,P1
1504,1,883.5,26.14674046243075,880.5,P1
1505,1,883.5,12.62633952889743,880.5,P3
1507,1,884.0,31.554920986621003,881.0,P1
1510,2,884.0,16.988521338853293,881.0,P1
1508,1,884.5,29.67144370259969,881.5,P1
1511,1,884.5,12.137319903468525,881.5,P3
1512,5,885.0,20.90814955195385,882.0,BG
1513,2,885.5,15.871225633364423,882.5,P1
1514,2,886.0,12.517858606175045,883.0,P2
